adm4Pcode,adm4NameLa,adm3NameLa,adm2NameLa,adm1NameLa,Population,codeName_3,POINT_X,POINT_Y
UKR4422286601,Rozkishne,Rozkishnianska,Lutuhynskyi,Luhanska,6482,village,39.27556721,48.49008688
UKR4422255300,Bile,Bilivska,Lutuhynskyi,Luhanska,6512,urban type village,39.05272953,48.49845313
UKR4423858502,Mius,Chornukhynska,Popasnianskyi,Luhanska,139,village,38.54799301,48.29104856
UKR4423187703,Orikhove-Donetske,Trokhizbenska,Novoaidarskyi,Luhanska,69,village,38.80330617,48.77046328
UKR4423187704,Lopaskyne,Trokhizbenska,Novoaidarskyi,Luhanska,138,village,39.032987,48.66821845
UKR4423187705,Lobacheve,Trokhizbenska,Novoaidarskyi,Luhanska,0,village,39.1164565,48.66105925
UKR4423187702,Kriakivka,Trokhizbenska,Novoaidarskyi,Luhanska,470,village,38.8895385,48.76930185
UKR4423183601,Krymske,Krymska,Novoaidarskyi,Luhanska,1676,village,38.80676725,48.7480148
UKR4423183602,Prychepylivka,Krymska,Novoaidarskyi,Luhanska,5,village,38.69187142,48.75747684
UKR4423857701,Zholobok,Nyzhnenska,Popasnianskyi,Luhanska,153,village,38.69914035,48.71370464
UKR4423187701,Trokhizbenka,Trokhizbenska,Novoaidarskyi,Luhanska,2920,village,38.9643895,48.75704646
UKR4423183603,Sokilnyky,Krymska,Novoaidarskyi,Luhanska,377,village,38.8694505,48.7473601
UKR4421455700,Myrne,Myrnenska,Sorokynskyi,Luhanska,385,urban type village,39.65257286,48.28405108
UKR4422855100,Milove,Milovska,Milovskyi,Luhanska,5944,urban type village,40.12647115,49.37628805
UKR4425455100,Troitske,Troitska,Troitskyi,Luhanska,7906,urban type village,38.30163073,49.91531938
UKR4422256800,Uspenka,Uspenska,Lutuhynskyi,Luhanska,8895,urban type village,39.13967411,48.3981714
UKR4423184501,Muratove,Murativska,Novoaidarskyi,Luhanska,687,village,38.7378085,48.80326052
UKR4422883601,Musiivka,Musiivska,Milovskyi,Luhanska,923,village,39.85075935,49.23308666
UKR4423385901,Pisky,Piskivska,Novopskovskyi,Luhanska,1392,village,38.9926604,49.44798337
UKR4422581101,Bondarivka,Bondarivska,Markivskyi,Luhanska,1682,village,39.6407875,49.40425941
UKR4423856200,Vrubivka,Vrubivska,Popasnianskyi,Luhanska,1004,urban type village,38.37505361,48.74188984
UKR4425110100,Starobilsk,Starobilska,Starobilskyi,Luhanska,18297,city,38.91065601,49.27725817
UKR4422585501,Kryzke,Kryzka,Markivskyi,Luhanska,898,village,39.6122665,49.44870351
UKR4425184001,Pidhorivka,Pidhorivska,Starobilskyi,Luhanska,3717,village,38.88533438,49.29800027
UKR4421680401,Borovenky,Borovenska,Kreminskyi,Luhanska,901,village,38.56347395,49.05052272
UKR4420682201,Brusivka,Brusivska,Bilovodskyi,Luhanska,709,village,39.402677,49.32322951
UKR4425180501,Verkhnia Pokrovka,Verkhnopokrovska,Starobilskyi,Luhanska,940,village,38.753246,49.26087442
UKR4424881501,Verkhnobohdanivka,Verkhnobohdanivska,Stanychno-Luhanskyi,Luhanska,771,village,39.48626125,49.03905419
UKR4421481101,Verkhnoharasymivka,Verkhnoharasymivska,Sorokynskyi,Luhanska,286,village,39.92988807,48.27155338
UKR4423380701,Hanusivka,Hanusivska,Novopskovskyi,Luhanska,483,village,39.37053204,49.70415705
UKR4422555100,Markivka,Markivska,Markivskyi,Luhanska,6247,urban type village,39.56048791,49.52713679
UKR4423857500,Myrna Dolyna,Myrnodolynska,Popasnianskyi,Luhanska,341,urban type village,38.47633712,48.8099504
UKR4411447400,Buran,Enhelsivska,Krasnodonska,Luhanska,988,urban type village,39.61008228,48.30350247
UKR4421455300,Velykyi Loh,Velykolohivska,Sorokynskyi,Luhanska,629,urban type village,39.55772068,48.26135205
UKR4424055400,Nyzhnia Duvanka,Nyzhnoduvanska,Svativskyi,Luhanska,2216,urban type village,38.16338599,49.57492847
UKR4423155100,Novoaidar,Novoaidarska,Novoaidarskyi,Luhanska,8555,urban type village,39.00393351,48.964511
UKR4425485001,Pryvillia,Pryvilska,Troitskyi,Luhanska,967,village,38.51835355,49.84889752
UKR4424555900,Rodakove,Rodakivska,Slovianoserbskyi,Luhanska,6252,urban type village,39.02113692,48.55507969
UKR4423856900,Komyshuvakha,Komyshuvaska,Popasnianskyi,Luhanska,2235,urban type village,38.44963893,48.69495747
UKR4425485501,Rozpasiivka,Rozpasiivska,Troitskyi,Luhanska,622,village,38.38314385,49.82960212
UKR4425486001,Rozsypne,Rozsypnenska,Troitskyi,Luhanska,432,village,38.61112979,49.96577209
UKR4424885301,Talove,Talivska,Stanychno-Luhanskyi,Luhanska,472,village,39.96077498,48.85879715
UKR4420382201,Diakove,Diakivska,Antratsytivskyi,Luhanska,2870,village,39.142674,47.93587773
UKR4424885101,Rozkvit,Rozkvitnenska,Stanychno-Luhanskyi,Luhanska,633,village,39.57799031,48.95493098
UKR4423657100,Fashchivka,Fashchivska,Perevalskyi,Luhanska,4746,urban type village,38.61720202,48.27153711
UKR4421456000,Novooleksandrivka,Novooleksandrivska,Sorokynskyi,Luhanska,1582,urban type village,39.61960898,48.2679695
UKR4412347100,Kartushyne,Proletarska,Rovenkivska,Luhanska,1568,urban type village,39.25362711,48.13832436
UKR4411645700,Zaporizhzhia,Zaporizka,Krasnolutska,Luhanska,892,urban type village,38.72107873,48.25619505
UKR4412346000,Klenovyi,Klenivska,Rovenkivska,Luhanska,2103,urban type village,39.4592475,48.12022877
UKR4412100000,Pervomaisk,Pervomaiska,Pervomaiska,Luhanska,38435,city,38.5435876,48.62448753
UKR4413170800,Irmino,Irminska,Stakhanovska,Luhanska,10044,city,38.58436406,48.59845774
UKR4420686601,Kononivka,Kononivska,Bilovodskyi,Luhanska,435,village,39.62322775,49.32954496
UKR4424080501,Verkhnia Duvanka,Verkhnoduvanska,Svativskyi,Luhanska,377,village,38.064826,49.69112327
UKR4425481501,Voievodske,Voievodska,Troitskyi,Luhanska,448,village,38.5349075,49.94187351
UKR4423181601,Denezhnykove,Denezhnykivska,Novoaidarskyi,Luhanska,968,village,38.94749833,49.03617824
UKR4422582201,Heraskivka,Heraskivska,Markivskyi,Luhanska,356,village,39.54203322,49.60645222
UKR4411647300,Khrustalne,Khrustalnivska,Krasnolutska,Luhanska,1428,urban type village,38.85940538,48.15023985
UKR4411646700,Sofiivskyi,Sofiivska,Krasnolutska,Luhanska,3950,urban type village,38.88411308,48.20247133
UKR4421683201,Nevske,Nevska,Kreminskyi,Luhanska,729,village,37.96959925,49.15342901
UKR4425180201,Butove,Chmyrivska,Starobilskyi,Luhanska,1008,village,38.93944605,49.26119661
UKR4424881001,Velyka Chernihivka,Velykochernihivska,Stanychno-Luhanskyi,Luhanska,1460,village,39.4092915,48.95556725
UKR4424882001,Harasymivka,Harasymivska,Stanychno-Luhanskyi,Luhanska,785,village,39.7027305,48.78177669
UKR4422256100,Heorhiivka,Heorhiivska,Lutuhynskyi,Luhanska,6493,urban type village,39.27303876,48.43296426
UKR4420985501,Kuriachivka,Bilokurakynska,Bilokurakynskyi,Luhanska,653,village,38.69255,49.64193456
UKR4422584401,Krasne Pole,Krasnopilska,Markivskyi,Luhanska,347,village,39.5180504,49.66894117
UKR4424883501,Nyzhnoteple,Nyzhnoteplivska,Stanychno-Luhanskyi,Luhanska,2096,village,39.35058331,48.79327486
UKR4425183001,Novoborove,Novoborivska,Starobilskyi,Luhanska,599,village,38.55184846,49.24148118
UKR4424286601,Novoborovytsi,Novoborovytska,Dovzhanskyi,Luhanska,824,village,39.500039,47.86381217
UKR4420687701,Lytvynivka,Lytvynivska,Bilovodskyi,Luhanska,1167,village,39.443099,49.30782985
UKR4422586601,Lisna Poliana,Lisnopolianska,Markivskyi,Luhanska,636,village,39.4724869,49.52379849
UKR4421487701,Velykyi Sukhodil,Velykosukhodilska,Sorokynskyi,Luhanska,1485,village,39.88349861,48.42558085
UKR4423655800,Horodyshche,Horodyshchenska,Perevalskyi,Luhanska,2499,urban type village,38.63307853,48.32165349
UKR4412391001,Blahivka,Blahivska,Rovenkivska,Luhanska,709,village,39.357495,47.95470613
UKR4421685401,Novokrasnianka,Novokrasnianska,Kreminskyi,Luhanska,1471,village,38.27034988,49.13679494
UKR4412746000,Dubove,Komsomolska,Sverdlovska,Luhanska,3089,urban type village,39.64705965,48.12411925
UKR4423881501,Holubivske,Holubivska,Popasnianskyi,Luhanska,1901,village,38.640041,48.69016091
UKR4422210100,Lutuhyne,Lutuhynska,Lutuhynskyi,Luhanska,17989,city,39.21130846,48.3961962
UKR4424081501,Kovalivka,Kovalivska,Svativskyi,Luhanska,428,village,38.01622825,49.32614453
UKR4421482201,Verkhnoshevyrivka,Verkhnoshevyrivska,Sorokynskyi,Luhanska,1716,village,39.71627119,48.26896759
UKR4424581101,Vesela Hora,Veselohirska,Slovianoserbskyi,Luhanska,1196,village,39.24691025,48.70845941
UKR4422281101,Vesela Tarasivka,Veselotarasivska,Lutuhynskyi,Luhanska,1368,village,39.109265,48.52983762
UKR4425180601,Vyshneve,Chmyrivska,Starobilskyi,Luhanska,687,village,39.09081255,49.24482083
UKR4423381501,Zaaidarivka,Zaaidarivska,Novopskovskyi,Luhanska,1586,village,39.1025375,49.55949272
UKR4422282201,Illiriia,Illiriiska,Lutuhynskyi,Luhanska,646,village,38.99244206,48.40348444
UKR4420688901,Novolymarivka,Novolymarivska,Bilovodskyi,Luhanska,819,village,39.60194584,49.27830463
UKR4420981001,Oleksandropil,Bilokurakynska,Bilokurakynskyi,Luhanska,463,village,38.85092111,49.68924563
UKR4420981501,Oleksiivka,Bilokurakynska,Bilokurakynskyi,Luhanska,687,village,38.76229675,49.42118389
UKR4421684301,Nova Astrakhan,Novoastrakhanska,Kreminskyi,Luhanska,2052,village,38.60719028,49.1258525
UKR4420986601,Lyzyne,Bilokurakynska,Bilokurakynskyi,Luhanska,514,village,38.8504,49.54656271
UKR4425483001,Novooleksandrivka,Novooleksandrivska,Troitskyi,Luhanska,471,village,38.1390435,49.78427685
UKR4420381101,Bobrykove,Bobrykivska,Antratsytivskyi,Luhanska,1101,village,39.22514305,47.93195124
UKR4425484001,Vivcharove,Vivcharivska,Troitskyi,Luhanska,654,village,38.62399725,49.84106299
UKR4420355300,Yesaulivka,Yesaulivska,Antratsytivskyi,Luhanska,1462,urban type village,39.02242441,48.04935869
UKR4423382001,Zakotne,Zakotnenska,Novopskovskyi,Luhanska,1269,village,38.9794365,49.4681264
UKR4423185601,Novookhtyrka,Novookhtyrska,Novoaidarskyi,Luhanska,935,village,38.8080445,48.91157757
UKR4423384001,Novorozsosh,Novorozsoshanska,Novopskovskyi,Luhanska,2024,village,39.2344955,49.5276004
UKR4424555400,Lozivskyi,Lozivska,Slovianoserbskyi,Luhanska,5023,urban type village,38.88212079,48.56379207
UKR4420983401,Demianivka,Bilokurakynska,Bilokurakynskyi,Luhanska,398,village,38.57100275,49.52694393
UKR4425180301,Vesele,Veselivska,Starobilskyi,Luhanska,1291,village,39.17875942,49.30107388
UKR4424581401,Vesniane,Vesnianenska,Slovianoserbskyi,Luhanska,867,village,38.70700397,48.63886249
UKR4424556200,Sentianivka,Frunzenska,Slovianoserbskyi,Luhanska,3255,urban type village,38.74627489,48.66888267
UKR4422882201,Zorykivka,Zorykivska,Milovskyi,Luhanska,824,village,39.83971625,49.41348629
UKR4422583301,Kabychivka,Kabychivska,Markivskyi,Luhanska,997,village,39.738234,49.46124926
UKR4421682201,Makiivka,Makiivska,Kreminskyi,Luhanska,831,village,37.990663,49.22751691
UKR4411670900,Petrovo-Krasnosillia,Petrovska,Krasnolutska,Luhanska,13260,city,38.87360256,48.29017896
UKR4424884001,Mykolaivka,Mykolaivska,Stanychno-Luhanskyi,Luhanska,2091,village,39.51849795,48.58943029
UKR4421682601,Mykhailivka,Mykhailivska,Kreminskyi,Luhanska,593,village,38.56473619,49.11009153
UKR4423180501,Oleksiivka,Oleksiivska,Novoaidarskyi,Luhanska,1018,village,39.17835692,49.01521194
UKR4422284401,Orikhivka,Orikhivska,Lutuhynskyi,Luhanska,1656,village,39.19799425,48.28419515
UKR4423186201,Pobieda,Pobiedivska,Novoaidarskyi,Luhanska,654,village,39.10461375,49.04517046
UKR4420986901,Neshcheretove,Bilokurakynska,Bilokurakynskyi,Luhanska,1200,village,38.8085162,49.40593508
UKR4422285501,Pershozvanivka,Pershozvanivska,Lutuhynskyi,Luhanska,1071,village,39.42238269,48.33893256
UKR4423683301,Petrivka,Petrivska,Perevalskyi,Luhanska,411,village,38.805465,48.5273791
UKR4424085501,Korzhove,Petrivska,Svativskyi,Luhanska,932,village,38.3704505,49.36555569
UKR4411400000,Sorokyne,Krasnodonska,Krasnodonska,Luhanska,44283,city,39.74162475,48.29487597
UKR4411470700,Sukhodilsk,Sukhodilska,Krasnodonska,Luhanska,21061,city,39.72790876,48.35389256
UKR4425181501,Karaiashnyk,Karaiashnytska,Starobilskyi,Luhanska,283,village,39.230269,49.36650864
UKR4411445600,Izvaryne,Izvarynska,Krasnodonska,Luhanska,1692,urban type village,39.8900621,48.28810948
UKR4420356200,Malomykolaivka,Malomykolaivska,Antratsytivskyi,Luhanska,1719,urban type village,39.01840741,48.30740877
UKR4423857200,Maloriazantseve,Maloriazantsivska,Popasnianskyi,Luhanska,983,urban type village,38.37338075,48.88847244
UKR4422881101,Velykotsk,Velykotska,Milovskyi,Luhanska,1493,village,40.029046,49.34762932
UKR4424884501,Nyzhnia Vilkhova,Vilkhivska,Stanychno-Luhanskyi,Luhanska,823,village,39.575962,48.73279292
UKR4422281301,Volnukhyne,Volnukhynska,Lutuhynskyi,Luhanska,259,village,39.285581,48.35075518
UKR4422257000,Cheliuskinets,Cheliuskinetska,Lutuhynskyi,Luhanska,1324,urban type village,39.19842831,48.4354588
UKR4425484501,Pokrovske,Pokrovska,Troitskyi,Luhanska,1968,village,38.22766325,49.73919498
UKR4411647600,Shterivka,Shterivska,Krasnolutska,Luhanska,1273,urban type village,38.94578748,48.3144623
UKR4410346900,Shchotove,Shchotivska,Antratsytska,Luhanska,3711,urban type village,39.11595541,48.16845222
UKR4410346200,Kamiane,Kamianska,Antratsytska,Luhanska,2727,urban type village,39.16576136,48.16674329
UKR4411446500,Sievernyi,Sieverna,Krasnodonska,Luhanska,1894,urban type village,39.91822672,48.35715597
UKR4411470400,Molodohvardiisk,Molodohvardiiska,Krasnodonska,Luhanska,23332,city,39.65596454,48.34669198
UKR4420355900,Krasnyi Kut,Krasnokutska,Antratsytivskyi,Luhanska,2474,urban type village,38.80111907,48.19112043
UKR4420689201,Pluhatar,Pluhatarska,Bilovodskyi,Luhanska,628,village,39.735546,49.23024527
UKR4412746300,Valianivske,Leninska,Sverdlovska,Luhanska,3374,urban type village,39.55880408,48.07679551
UKR4424880501,Valuiske,Valuiska,Stanychno-Luhanskyi,Luhanska,3996,village,39.5268925,48.64842673
UKR4420688503,Nyzhnobaranykivka,Nyzhnobaranykivska,Bilovodskyi,Luhanska,600,village,39.82876575,49.07240787
UKR4425182501,Nyzhnopokrovka,Nyzhnopokrovska,Starobilskyi,Luhanska,779,village,38.6381845,49.20992946
UKR4424086001,Preobrazhenne,Preobrazhenska,Svativskyi,Luhanska,906,village,38.152763,49.52253451
UKR4421686501,Novomykilske,Novomykilska,Kreminskyi,Luhanska,1262,village,38.18096993,49.29463091
UKR4420688801,Novooleksandrivka,Novooleksandrivska,Bilovodskyi,Luhanska,1128,village,39.28333066,49.13289078
UKR4421681001,Varvarivka,Varvarivska,Kreminskyi,Luhanska,1552,village,38.41603575,49.07372644
UKR4423656700,Seleznivka,Seleznivska,Perevalskyi,Luhanska,2530,urban type village,38.79100035,48.39605218
UKR4421456500,Simeikyne,Simeikynska,Sorokynskyi,Luhanska,2278,urban type village,39.53403772,48.32953046
UKR4424555100,Slovianoserbsk,Slovianoserbska,Slovianoserbskyi,Luhanska,8086,urban type village,38.98061016,48.69667746
UKR4423383501,Novobila,Novobilianska,Novopskovskyi,Luhanska,2040,village,39.193615,49.76326478
UKR4425184501,Polovynkyne,Polovynkynska,Starobilskyi,Luhanska,2913,village,38.92111646,49.22453385
UKR4424855100,Stanytsia Luhanska,Stanychno-Luhanska,Stanychno-Luhanskyi,Luhanska,13734,urban type village,39.47505462,48.65530308
UKR4423355300,Bilolutsk,Bilolutska,Novopskovskyi,Luhanska,4017,urban type village,39.01550155,49.69862132
UKR4422255500,Bilorichenskyi,Bilorichenska,Lutuhynskyi,Luhanska,3334,urban type village,39.07447533,48.44840676
UKR4424883001,Krasna Talivka,Krasnotalivska,Stanychno-Luhanskyi,Luhanska,1074,village,39.84470228,48.85058109
UKR4425182001,Lyman,Lymanska,Starobilskyi,Luhanska,1962,village,38.9463275,49.33246426
UKR4421486601,Makariv Yar,Parkhomenkivska,Sorokynskyi,Luhanska,1491,village,39.71777562,48.57824695
UKR4424082501,Kuzemivka,Kuzemivska,Svativskyi,Luhanska,689,village,37.985851,49.5155195
UKR4423885201,Troitske,Troitska,Popasnianskyi,Luhanska,1415,village,38.390059,48.52985154
UKR4424255300,Krynychne,Biriukivska,Dovzhanskyi,Luhanska,4027,urban type village,39.73944952,47.95422155
UKR4411446200,Teple,Krasnodonska,Krasnodonska,Luhanska,5364,urban type village,39.55940331,48.30815595
UKR4421680701,Bulhakivka,Bulhakivska,Kreminskyi,Luhanska,512,village,38.55768475,49.18376492
UKR4420982301,Bunchukivka,Bilokurakynska,Bilokurakynskyi,Luhanska,417,village,38.65860194,49.48632615
UKR4425181701,Kuriachivka,Kuriachivska,Starobilskyi,Luhanska,850,village,38.860919,49.34228898
UKR4425482501,Lantrativka,Lantrativska,Troitskyi,Luhanska,1266,village,38.25180469,49.94788336
UKR4425181001,Kalmykivka,Kalmykivska,Starobilskyi,Luhanska,709,village,38.65633192,49.29710135
UKR4424085001,Travneve,Pervomaiska,Svativskyi,Luhanska,490,village,38.260322,49.44684073
UKR4420356500,Nyzhnii Naholchyk,Nyzhnonaholchytska,Antratsytivskyi,Luhanska,1650,urban type village,39.08549283,48.01489982
UKR4423355100,Novopskov,Novopskovska,Novopskovskyi,Luhanska,9882,urban type village,39.11834079,49.53209077
UKR4421456200,Novosvitlivka,Novosvitlivska,Sorokynskyi,Luhanska,3711,urban type village,39.51499392,48.48449231
UKR4423382801,Kozlove,Kozlivska,Novopskovskyi,Luhanska,293,village,39.1617242,49.8608911
UKR4420955100,Bilokurakyne,Bilokurakynska,Bilokurakynskyi,Luhanska,6737,urban type village,38.72097162,49.53287112
UKR4424510300,Zymohiria,Zymohirivska,Slovianoserbskyi,Luhanska,9949,city,38.94392739,48.5834001
UKR4423610600,Zorynsk,Zorynska,Perevalskyi,Luhanska,7331,city,38.62045867,48.4145656
UKR4423682201,Maloivanivka,Maloivanivska,Perevalskyi,Luhanska,988,village,38.64206753,48.38210424
UKR4424281101,Oleksandrivka,Oleksandrivska,Dovzhanskyi,Luhanska,480,village,39.75113068,48.07676574
UKR4421487001,Porichchia,Porichenska,Sorokynskyi,Luhanska,1306,village,39.79238149,48.26684869
UKR4412745300,Vedmezhe,Volodarska,Sverdlovska,Luhanska,2778,urban type village,39.58449629,48.12088418
UKR4424885001,Peredilske,Peredilska,Stanychno-Luhanskyi,Luhanska,1150,village,39.15037213,48.7527668
UKR4424855400,Petropavlivka,Petropavlivska,Stanychno-Luhanskyi,Luhanska,4999,urban type village,39.26625067,48.80392182
UKR4424084001,Mistky,Mistkivska,Svativskyi,Luhanska,2614,village,38.49750225,49.34030371
UKR4420355600,Ivanivka,Ivanivska,Antratsytivskyi,Luhanska,7274,urban type village,38.94571862,48.2339384
UKR4424583901,Metalist,Metalistska,Slovianoserbskyi,Luhanska,2195,village,39.28143043,48.62246127
UKR4423183401,Koliadivka,Koliadivska,Novoaidarskyi,Luhanska,905,village,39.200879,49.08011562
UKR4421610100,Kreminna,Kreminska,Kreminskyi,Luhanska,20324,city,38.20179338,49.03703496
UKR4411670300,Bokovo-Khrustalne,Vakhrushivska,Krasnolutska,Luhanska,11878,city,38.81926955,48.14233209
UKR4420386601,Rebrykove,Rebrykivska,Antratsytivskyi,Luhanska,965,village,39.28444511,48.20999988
UKR4424887001,Shyrokyi,Shyrokivska,Stanychno-Luhanskyi,Luhanska,1833,village,39.63887591,48.8296846
UKR4424082001,Kolomyichykha,Kolomyichyska,Svativskyi,Luhanska,527,village,37.96491325,49.45312207
UKR4423383201,Mozhniakivka,Mozhniakivska,Novopskovskyi,Luhanska,1683,village,39.06389366,49.65742453
UKR4424882501,Komyshne,Komyshnenska,Stanychno-Luhanskyi,Luhanska,732,village,39.672599,48.71135573
UKR4422283301,Kamianka,Kamianska,Lutuhynskyi,Luhanska,482,village,39.3930325,48.24239548
UKR4422287001,Fabrychne,Fabrychnenska,Lutuhynskyi,Luhanska,1504,village,39.32356001,48.48080704
UKR4421489301,Khriashchuvate,Khriashchuvatenska,Sorokynskyi,Luhanska,1216,village,39.423806,48.51479945
UKR4424083501,Miluvatka,Miluvatska,Svativskyi,Luhanska,2818,village,38.16947917,49.33639525
UKR4424886001,Sotenne,Sotenska,Stanychno-Luhanskyi,Luhanska,1103,village,39.347979,48.91880945
UKR4421687301,Chervonopopivka,Chervonopopivska,Kreminskyi,Luhanska,1046,village,38.1497635,49.12796489
UKR4412770600,Voznesenivka,Chervonopartyzanska,Sverdlovska,Luhanska,15659,city,39.787353,48.07422522
UKR4423386601,Rybiantseve,Rybiantsivska,Novopskovskyi,Luhanska,1306,village,39.02427996,49.47659191
UKR4424886501,Chuhynka,Chuhynska,Stanychno-Luhanskyi,Luhanska,1128,village,39.66151,48.92246491
UKR4420988801,Sharivka,Sharivska,Bilokurakynskyi,Luhanska,569,village,38.89940259,49.85401489
UKR4422885501,Novostriltsivka,Novostriltsivska,Milovskyi,Luhanska,924,village,39.9170325,49.32220894
UKR4425183501,Malokhatka,Malokhatska,Starobilskyi,Luhanska,598,village,38.80602536,49.11282925
UKR4424083001,Mankivka,Mankivska,Svativskyi,Luhanska,568,village,38.456169,49.55819766
UKR4423656400,Mykhailivka,Mykhailivska,Perevalskyi,Luhanska,2443,urban type village,38.91385283,48.46174626
UKR4423182301,Dmytrivka,Dmytrivska,Novoaidarskyi,Luhanska,1372,village,39.1577875,48.92597953
UKR4423382501,Kamianka,Kamianska,Novopskovskyi,Luhanska,1481,village,39.374931,49.64085669
UKR4420384401,Mykytivka,Mykytivska,Antratsytivskyi,Luhanska,285,village,38.89562573,48.33869647
UKR4420987201,Pavlivka,Pavlivska,Bilokurakynskyi,Luhanska,1160,village,38.70037975,49.6246656
UKR4423188001,Chabanivka,Chabanivska,Novoaidarskyi,Luhanska,585,village,38.75764596,49.03244855
UKR4423857700,Nyzhnie,Nyzhnenska,Popasnianskyi,Luhanska,2541,urban type village,38.63377131,48.77458052
UKR4423388201,Taniushivka,Taniushivska,Novopskovskyi,Luhanska,817,village,38.931461,49.76924693
UKR4421681901,Kudriashivka,Kudriashivska,Kreminskyi,Luhanska,1390,village,38.42962125,49.03482489
UKR4412500000,Rubizhne,Rubizhanska,Rubizhanska,Luhanska,60374,city,38.36644545,49.02065086
UKR4424584001,Stepove,Stepivska,Slovianoserbskyi,Luhanska,959,village,38.96667327,48.62680994
UKR4425487001,Tymonove,Tymonivska,Troitskyi,Luhanska,696,village,38.45044949,49.7368578
UKR4420681101,Baranykivka,Baranykivska,Bilovodskyi,Luhanska,1544,village,39.839666,49.15983498
UKR4421680201,Baranykivka,Baranykivska,Kreminskyi,Luhanska,2595,village,38.2979805,49.22488078
UKR4423180701,Bakhmutivka,Bakhmutivska,Novoaidarskyi,Luhanska,1182,village,39.05118749,48.8676585
UKR4422257400,Yurivka,Yurivska,Lutuhynskyi,Luhanska,2988,urban type village,38.97851497,48.48682797
UKR4420988001,Tymoshyne,Tymoshynska,Bilokurakynskyi,Luhanska,351,village,38.80710335,49.67321318
UKR4425187001,Shpotyne,Shpotynska,Starobilskyi,Luhanska,449,village,39.1942665,49.17426198
UKR4423188501,Shtormove,Shtormivska,Novoaidarskyi,Luhanska,908,village,38.91246737,49.09652446
UKR4421681301,Holubivka,Holubivska,Kreminskyi,Luhanska,461,village,38.4614485,49.22258254
UKR4424081001,Honcharivka,Honcharivska,Svativskyi,Luhanska,1359,village,38.15259042,49.47587677
UKR4421681601,Yepifanivka,Yepifanivska,Kreminskyi,Luhanska,1118,village,38.56905408,49.07837827
UKR4423856500,Kalynove,Kalynivska,Popasnianskyi,Luhanska,3096,urban type village,38.51254112,48.56435555
UKR4420689801,Shulikivka,Shulikivska,Bilovodskyi,Luhanska,401,village,39.488282,49.30619378
UKR4425487501,Topoli,Topolivska,Troitskyi,Luhanska,633,village,38.16432575,49.81546498
UKR4424082201,Kruhle,Kruhlivska,Svativskyi,Luhanska,481,village,38.4895085,49.46552525
UKR4425186001,Khvorostianivka,Khvorostianivska,Starobilskyi,Luhanska,483,village,38.88816425,49.14814234
UKR4420689501,Semykozivka,Semykozivska,Bilovodskyi,Luhanska,1926,village,39.56805,49.23302467
UKR4424084501,Oborotnivka,Oborotnivska,Svativskyi,Luhanska,581,village,38.04247871,49.59074098
UKR4424285501,Medvezhanka,Medvezhanska,Dovzhanskyi,Luhanska,1012,village,39.518285,48.17236953
UKR4424584301,Smile,Smilianska,Slovianoserbskyi,Luhanska,1032,village,38.91632974,48.67565995
UKR4420684401,Danylivka,Danylivska,Bilovodskyi,Luhanska,854,village,39.62494982,49.11261436
UKR4422588801,Sychanske,Sychanska,Markivskyi,Luhanska,502,village,39.39823396,49.43221245
UKR4420988201,Myrne,Chervonoarmiiska,Bilokurakynskyi,Luhanska,574,village,38.705212,49.78075664
UKR4410165900,Katerynivka,Yuvileina,Luhanska,Luhanska,16759,urban type village,39.18366782,48.55334283
UKR4425186501,Chmyrivka,Chmyrivska,Starobilskyi,Luhanska,4293,village,38.941515,49.29097287
UKR4425488001,Yamy,Yamenska,Troitskyi,Luhanska,302,village,38.37101461,49.76132671
UKR4421480801,Biloskeliuvate,Biloskeliuvatska,Sorokynskyi,Luhanska,692,village,39.6503892,48.44921652
UKR4420683301,Horodyshche,Horodyshchenska,Bilovodskyi,Luhanska,1777,village,39.639995,49.03870145
UKR4423657700,Yashchykove,Yashchykivska,Perevalskyi,Luhanska,1840,urban type village,38.74340648,48.40964657
UKR4420655100,Bilovodsk,Bilovodska,Bilovodskyi,Luhanska,8167,urban type village,39.59135772,49.20687007
UKR4423855300,Bilohorivka,Bilohorivska,Popasnianskyi,Luhanska,945,urban type village,38.24595348,48.92698799
UKR4423610100,Perevalsk,Perevalska,Perevalskyi,Luhanska,25941,city,38.81259177,48.43749217
UKR4410346500,Kripenskyi,Kripenska,Antratsytska,Luhanska,6870,urban type village,39.05366314,48.07541859
UKR4421488801,Samsonivka,Samsonivska,Sorokynskyi,Luhanska,1282,village,39.62786125,48.37128741
UKR4420987810,Solidarne,Solidarnenska,Bilokurakynskyi,Luhanska,701,village,38.61645474,49.78576479
UKR4410345900,Dubivskyi,Dubivska,Antratsytska,Luhanska,3984,urban type village,39.10923729,48.06089539
UKR4410300000,Antratsyt,Antratsytivska,Antratsytska,Luhanska,54640,city,39.09081204,48.12549675
UKR4424086501,Raihorodka,Raihorodska,Svativskyi,Luhanska,615,village,37.9597685,49.37909288
UKR4420385501,Rafailivka,Rafailivska,Antratsytivskyi,Luhanska,1117,village,39.198957,48.11769047
UKR4422886601,Striltsivka,Striltsivska,Milovskyi,Luhanska,566,village,39.8574316,49.30090287
UKR4420685501,Yevsuh,Yevsuzka,Bilovodskyi,Luhanska,1740,village,39.28883425,49.20491146
UKR4423655500,Buhaivka,Buhaivska,Perevalskyi,Luhanska,3107,urban type village,38.85850652,48.41187709
UKR4423681101,Adrianopil,Adrianopilska,Perevalskyi,Luhanska,446,village,38.719977,48.36336704
UKR4411200000,Alchevsk,Alchevska,Alchevska,Luhanska,111360,city,38.79322939,48.48025456
UKR4425185501,Tytarivka,Tytarivska,Starobilskyi,Luhanska,620,village,38.87820017,49.23389424
UKR4423881101,Berezivske,Berezivska,Popasnianskyi,Luhanska,963,village,38.60892778,48.66826974
UKR4424585501,Khoroshe,Khoroshenska,Slovianoserbskyi,Luhanska,1607,village,38.83581425,48.62920112
UKR4410345600,Verkhnii Naholchyk,Verkhnonaholchytska,Antratsytska,Luhanska,1745,urban type village,39.0843969,48.0893286
UKR4412900000,Sievierodonetsk,Sievierodonetska,Sievierodonetska,Luhanska,109466,city,38.48538298,48.94614162
UKR4412945200,Borivske,Borivska,Sievierodonetska,Luhanska,5932,urban type village,38.56268904,48.8682171
UKR4410500000,Brianka,Briankivska,Briankivska,Luhanska,47512,city,38.66582734,48.50380869
UKR4411045700,Krynychanske,Chervonohvardiiska,Kirovska,Luhanska,1390,urban type village,38.74162406,48.58748256
UKR4411000000,Holubivka,Kirovska,Kirovska,Luhanska,28529,city,38.64220814,48.63661085
UKR4424087001,Rudivka,Rudivska,Svativskyi,Luhanska,833,village,38.44232225,49.39186142
UKR4425481001,Bahachka,Bahachanska,Troitskyi,Luhanska,525,village,38.379712,49.98276194
UKR4423181201,Hrechyshkyne,Hrechyshkynska,Novoaidarskyi,Luhanska,1549,village,38.905576,48.86866265
UKR4411800000,Lysychansk,Lysychanska,Lysychanska,Luhanska,104314,city,38.37665921,48.93471183
UKR4412346900,Novodarivka,Novodarivska,Rovenkivska,Luhanska,4444,urban type village,39.48958146,48.08119561
UKR4425184801,Sadky,Sadkivska,Starobilskyi,Luhanska,302,village,39.25232375,49.30556374
UKR4411045300,Donetskyi,Donetska,Kirovska,Luhanska,3688,urban type village,38.67427277,48.69809619
UKR4423857900,Novotoshkivske,Novotoshkivska,Popasnianskyi,Luhanska,2349,urban type village,38.63087547,48.72542429
UKR4424087501,Svystunivka,Svystunivska,Svativskyi,Luhanska,754,village,38.32381913,49.48142503
UKR4425185001,Svitle,Svitlivska,Starobilskyi,Luhanska,629,village,38.65436327,49.37739214
UKR4425180101,Baidivka,Baidivska,Starobilskyi,Luhanska,1118,village,38.9217781,49.16281646
UKR4424010100,Svatove,Svativska,Svativskyi,Luhanska,18241,city,38.15584655,49.41449592
UKR4412700000,Dovzhansk,Sverdlovska,Sverdlovska,Luhanska,65276,city,39.65693977,48.07611193
UKR4420383001,Koshary,Kosharska,Antratsytivskyi,Luhanska,817,village,39.2577805,48.10972636
UKR4420383301,Krasnolutskyi,Krasnolutska,Antratsytivskyi,Luhanska,576,village,38.9951895,48.14433572
UKR4425187501,Shulhynka,Shulhynska,Starobilskyi,Luhanska,2422,village,38.92775282,49.14264358
UKR4412745700,Kundriuche,Kalininska,Sverdlovska,Luhanska,1710,urban type village,39.59439972,48.01732237
UKR4423384701,Osynove,Novopskovska,Novopskovskyi,Luhanska,2240,village,39.07347075,49.55020764
UKR4411870400,Novodruzhesk,Novodruzheska,Lysychanska,Luhanska,7749,city,38.34488207,48.96316452
UKR4423187501,Spivakivka,Spivakivska,Novoaidarskyi,Luhanska,595,village,38.900781,49.04596438
UKR4424284401,Matviivka,Matviivska,Dovzhanskyi,Luhanska,239,village,39.5619605,48.03661203
UKR4412746900,Shakhtarske,Shakhtarska,Sverdlovska,Luhanska,3611,urban type village,39.55360844,48.05413815
UKR4411670600,Miusynsk,Miusynska,Krasnolutska,Luhanska,4830,city,38.89919222,48.07607119
UKR4421684501,Novovodiane,Novovodianska,Kreminskyi,Luhanska,628,village,38.0249475,49.27060883
UKR4421485501,Novohannivka,Novohannivska,Sorokynskyi,Luhanska,1471,village,39.518346,48.42580925
UKR4412346400,Mykhailivka,Mykhailivska,Rovenkivska,Luhanska,2827,urban type village,39.24240782,48.07001673
UKR4411600000,Khrustalnyi,Krasnolutska,Krasnolutska,Luhanska,82765,city,38.92624711,48.13762033
UKR4425483201,Novoznamianka,Novoznamianska,Troitskyi,Luhanska,376,village,38.11807462,49.88245718
UKR4412300000,Rovenky,Rovenkivska,Rovenkivska,Luhanska,47852,city,39.38581815,48.08447314
UKR4412345800,Liubymivka,Dzerzhynska,Rovenkivska,Luhanska,8691,urban type village,39.42963638,48.0390545
UKR4420387701,Chervona Poliana,Chervonopolianska,Antratsytivskyi,Luhanska,3294,village,39.0986075,48.24081554
UKR4423387001,Rohove,Rohivska,Novopskovskyi,Luhanska,706,village,39.04018949,49.62643679
UKR4425486501,Tarasivka,Tarasivska,Troitskyi,Luhanska,848,village,38.39053298,49.66412957
UKR4423385301,Pavlenkove,Pavlenkivska,Novopskovskyi,Luhanska,727,village,39.081875,49.70718345
UKR4420987701,Prostore,Prostorivska,Bilokurakynskyi,Luhanska,695,village,38.49529904,49.65069295
UKR4422587701,Prosiane,Prosianska,Markivskyi,Luhanska,424,village,39.66284183,49.59281971
UKR4424087801,Stelmakhivka,Stelmakhivska,Svativskyi,Luhanska,505,village,37.9055875,49.46572715
UKR4424885501,Teple,Teplivska,Stanychno-Luhanskyi,Luhanska,920,village,39.42741401,48.83608813
UKR4423858200,Toshkivka,Toshkivska,Popasnianskyi,Luhanska,4366,urban type village,38.56982746,48.78028608
UKR4423610300,Kypuche,Artemivska,Perevalskyi,Luhanska,7506,city,38.71850273,48.43919846
UKR4424555600,Ivanivske,Lotykivska,Slovianoserbskyi,Luhanska,3236,urban type village,38.91592386,48.52347037
UKR4423186701,Raihorodka,Raihorodska,Novoaidarskyi,Luhanska,2074,village,39.06949527,48.83135748
UKR4423110100,Shchastia,Shchastynska,Novoaidarskyi,Luhanska,12773,city,39.22925472,48.74014152
UKR4413170200,Almazna,Almaznianska,Stakhanovska,Luhanska,4325,city,38.58243223,48.52253415
UKR4412347700,Yasenivskyi,Yasenivska,Rovenkivska,Luhanska,9035,urban type village,39.21667447,48.15713968
UKR4424287701,Provallia,Provalska,Dovzhanskyi,Luhanska,841,village,39.82629052,48.14847467
UKR4425480501,Arapivka,Arapivska,Troitskyi,Luhanska,485,village,38.0399717,49.73542897
UKR4424582201,Zhovte,Zhovtenska,Slovianoserbskyi,Luhanska,1313,village,39.104711,48.64855364
UKR4420357200,Fashchivka,Fashchivska,Antratsytivskyi,Luhanska,2368,urban type village,38.66701397,48.21947413
UKR4412945900,Syrotyne,Syrotynska,Sievierodonetska,Luhanska,1619,urban type village,38.51642024,48.91580947
UKR4410160300,Oleksandrivsk,Oleksandrivska,Luhanska,Luhanska,6635,city,39.18710163,48.58617649
UKR4410100000,Luhansk,Luhanska,Luhanska,Luhanska,425848,city,39.3222536,48.56320218
UKR4422883301,Morozivka,Morozivska,Milovskyi,Luhanska,994,village,39.88967075,49.4609179
UKR4421655400,Krasnorichenske,Krasnorichenska,Kreminskyi,Luhanska,4429,urban type village,38.20570746,49.21064625
UKR4423381101,Dontsivka,Dontsivska,Novopskovskyi,Luhanska,1428,village,39.26228325,49.5823989
UKR4425483501,Novochervone,Novochervonenska,Troitskyi,Luhanska,1134,village,38.30176257,49.62657137
UKR4423810100,Popasna,Popasnianska,Popasnianskyi,Luhanska,21917,city,38.36525188,48.62990918
UKR4422884401,Mykilske,Mykilska,Milovskyi,Luhanska,1566,village,39.9409645,49.51949229
UKR4421684101,Novooleksandrivka,Novooleksandrivska,Kreminskyi,Luhanska,538,village,38.18722225,49.2635957
UKR4413100000,Kadiivka,Stakhanovska,Stakhanovska,Luhanska,77593,city,38.65262053,48.56372958
UKR4423187101,Smolianynove,Smolianynivska,Novoaidarskyi,Luhanska,1297,village,38.6992535,48.94359153
UKR4425481502,Zahiria,Voievodska,Troitskyi,Luhanska,87,village,38.46310325,49.91895948
UKR4422255800,Vrubivskyi,Vrubivska,Lutuhynskyi,Luhanska,1761,urban type village,39.10821889,48.43094186
UKR4423855900,Vovchoiarivka,Vovchoiarivska,Popasnianskyi,Luhanska,878,urban type village,38.37135889,48.8414555
UKR4423180703,Demenkove,Bakhmutivska,Novoaidarskyi,Luhanska,105,village,39.057831,48.90122727
UKR4424886503,Derkulske,Chuhynska,Stanychno-Luhanskyi,Luhanska,5,village,39.69268409,48.99496171
UKR4425185002,Dzhemilne,Svitlivska,Starobilskyi,Luhanska,133,village,38.5908285,49.31782924
UKR4423655501,Horodnie,Buhaivska,Perevalskyi,Luhanska,8,village,38.84013278,48.39586876
UKR4411670301,Trubnyi,Vakhrushivska,Krasnolutska,Luhanska,15,village,38.75737833,48.16234849
UKR4411670601,Korinne,Miusynska,Krasnolutska,Luhanska,51,village,38.82545223,48.07808482
UKR4411670605,Novoielyzavetivka,Miusynska,Krasnolutska,Luhanska,7,village,38.82666813,48.09559863
UKR4424884505,Pshenychne,Vilkhivska,Stanychno-Luhanskyi,Luhanska,209,village,39.50923225,48.69886617
UKR4421480805,Radisne,Biloskeliuvatska,Sorokynskyi,Luhanska,92,village,39.75823786,48.45067517
UKR4421456503,Horikhova Balka,Simeikynska,Sorokynskyi,Luhanska,148,village,39.5885835,48.3340008
UKR4425181004,Novodonbaske,Kalmykivska,Starobilskyi,Luhanska,141,village,38.6262145,49.26735187
UKR4424086503,Novoiehorivka,Raihorodska,Svativskyi,Luhanska,36,village,37.9436012,49.32954236
UKR4423885202,Novozvanivka,Troitska,Popasnianskyi,Luhanska,168,village,38.3523315,48.586323
UKR4420683302,Nozdrivka,Horodyshchenska,Bilovodskyi,Luhanska,23,village,39.66808731,49.01886859
UKR4420988209,Nianchyne,Chervonoarmiiska,Bilokurakynskyi,Luhanska,198,village,38.70659046,49.75886954
UKR4424581105,Obozne,Veselohirska,Slovianoserbskyi,Luhanska,211,village,39.311251,48.73026727
UKR4421486606,Ohulchansk,Parkhomenkivska,Sorokynskyi,Luhanska,757,village,39.6624395,48.52575016
UKR4425481505,Ozero,Voievodska,Troitskyi,Luhanska,2,village,38.580984,49.93527429
UKR4423181203,Oknyne,Hrechyshkynska,Novoaidarskyi,Luhanska,104,village,38.86972159,48.93218495
UKR4425485006,Chapliivka,Pryvilska,Troitskyi,Luhanska,39,village,38.566972,49.76680358
UKR4421485503,Krasne,Novohannivska,Sorokynskyi,Luhanska,516,village,39.49642675,48.37124667
UKR4420987202,Zavodianka,Pavlivska,Bilokurakynskyi,Luhanska,154,village,38.817816,49.62205634
UKR4420981502,Zaikivka,Bilokurakynska,Bilokurakynskyi,Luhanska,259,village,38.77430275,49.44803602
UKR4424080503,Lebedivka,Verkhnoduvanska,Svativskyi,Luhanska,35,village,38.08319032,49.66767222
UKR4425181003,Levadne,Kalmykivska,Starobilskyi,Luhanska,39,village,38.71670963,49.30837158
UKR4420385504,Leskyne,Rafailivska,Antratsytivskyi,Luhanska,328,village,39.21146103,48.0967842
UKR4423188504,Peremozhne,Shtormivska,Novoaidarskyi,Luhanska,334,village,38.93189155,49.08517632
UKR4423188505,Petrenkove,Shtormivska,Novoaidarskyi,Luhanska,108,village,38.87736073,49.10248796
UKR4420955702,Petrivka,Lozno-Oleksandrivska,Bilokurakynskyi,Luhanska,414,village,38.8048145,49.86735564
UKR4425180303,Rozdolne,Veselivska,Starobilskyi,Luhanska,171,village,39.01221925,49.30285916
UKR4424087807,Andriivka,Stelmakhivska,Svativskyi,Luhanska,67,village,37.9018075,49.42195013
UKR4423384705,Teviasheve,Novopskovska,Novopskovskyi,Luhanska,22,village,39.03845636,49.60680128
UKR4421487705,Popivka,Velykosukhodilska,Sorokynskyi,Luhanska,530,village,39.92197331,48.36898072
UKR4421682203,Hrekivka,Makiivska,Kreminskyi,Luhanska,53,village,37.9180976,49.24416147
UKR4424055404,Vestativka,Nyzhnoduvanska,Svativskyi,Luhanska,48,village,38.1941215,49.66680291
UKR4421482204,Nyzhnoderevechka,Verkhnoshevyrivska,Sorokynskyi,Luhanska,392,village,39.7741095,48.21730948
UKR4420685505,Pryvilne,Yevsuzka,Bilovodskyi,Luhanska,121,village,39.39887695,49.21844789
UKR4420355606,Stepove,Ivanivska,Antratsytivskyi,Luhanska,152,village,38.93732075,48.28311024
UKR4424887004,Stepove,Shyrokivska,Stanychno-Luhanskyi,Luhanska,184,village,39.57394895,48.77715872
UKR4425186505,Stepove,Chmyrivska,Starobilskyi,Luhanska,60,village,39.14218847,49.25916505
UKR4420355902,Tamara,Krasnokutska,Antratsytivskyi,Luhanska,51,village,38.86526731,48.24723711
UKR4421487002,Korolivka,Porichenska,Sorokynskyi,Luhanska,248,village,39.91801843,48.21421834
UKR4422588803,Vynohradne,Sychanska,Markivskyi,Luhanska,136,village,39.4041155,49.39887542
UKR4423856901,Vyskryva,Komyshuvaska,Popasnianskyi,Luhanska,12,village,38.298301,48.59159602
UKR4425487503,Vysoke,Topolivska,Troitskyi,Luhanska,23,village,38.25079225,49.83746585
UKR4422584402,Vysochynivka,Krasnopilska,Markivskyi,Luhanska,440,village,39.54646,49.70144965
UKR4420381102,Vyshneve,Bobrykivska,Antratsytivskyi,Luhanska,256,village,39.204075,48.00764035
UKR4421489305,Vyshnevyi Dil,Khriashchuvatenska,Sorokynskyi,Luhanska,32,village,39.48780125,48.53679203
UKR4423856902,Viktorivka,Komyshuvaska,Popasnianskyi,Luhanska,185,village,38.35020886,48.7112339
UKR4422256102,Peremozhne,Heorhiivska,Lutuhynskyi,Luhanska,656,village,39.38483839,48.39510685
UKR4423857202,Topolivka,Maloriazantsivska,Popasnianskyi,Luhanska,92,village,38.325997,48.86387133
UKR4420355903,Urozhaine,Krasnokutska,Antratsytivskyi,Luhanska,15,village,38.844987,48.24019617
UKR4412745701,Kondriuche,Kalininska,Sverdlovska,Luhanska,278,village,39.6225772,48.03194824
UKR4420983402,Konoplianivka,Bilokurakynska,Bilokurakynskyi,Luhanska,382,village,38.53159973,49.5076303
UKR4420685503,Kopani,Yevsuzka,Bilovodskyi,Luhanska,133,village,39.393855,49.23903373
UKR4424581402,Berdianka,Vesnianenska,Slovianoserbskyi,Luhanska,34,village,38.71969533,48.64652357
UKR4421486602,Berehove,Parkhomenkivska,Sorokynskyi,Luhanska,12,village,39.631673,48.57731571
UKR4423388202,Berezivka,Taniushivska,Novopskovskyi,Luhanska,357,village,38.8168575,49.74985197
UKR4422255504,Shymshynivka,Bilorichenska,Lutuhynskyi,Luhanska,47,village,38.98532467,48.43884044
UKR4425485002,Berezivka,Pryvilska,Troitskyi,Luhanska,8,village,38.52578825,49.90916894
UKR4424882503,Yuhanivka,Komyshnenska,Stanychno-Luhanskyi,Luhanska,39,village,39.71388409,48.68315698
UKR4424080506,Yablunivka,Verkhnoduvanska,Svativskyi,Luhanska,20,village,38.09504439,49.64772248
UKR4422881105,Yarske,Velykotska,Milovskyi,Luhanska,71,village,40.101696,49.23001456
UKR4411447401,Shyroke,Enhelsivska,Krasnodonska,Luhanska,457,village,39.58826818,48.30702635
UKR4420384407,Shyrokyi,Mykytivska,Antratsytivskyi,Luhanska,111,village,38.8581945,48.3320688
UKR4421456900,Talove,Myrnenska,Sorokynskyi,Luhanska,1418,urban type village,39.68399435,48.30920043
UKR4412990002,Voievodivka,Sievierodonetska,Sievierodonetska,Luhanska,594,village,38.447809,48.97695338
UKR4420987706,Svitlenke,Prostorivska,Bilokurakynskyi,Luhanska,84,village,38.5173995,49.60985435
UKR4420987813,Mykolaivka,Solidarnenska,Bilokurakynskyi,Luhanska,7,village,38.57620276,49.70863639
UKR4424055402,Novonykanorivka,Nyzhnoduvanska,Svativskyi,Luhanska,424,village,38.20171688,49.6627421
UKR4425181702,Hannivka,Kuriachivska,Starobilskyi,Luhanska,211,village,38.82281407,49.36034378
UKR4424583910,Stukalova Balka,Metalistska,Slovianoserbskyi,Luhanska,153,village,39.29343804,48.6437501
UKR4424581111,Khrystove,Veselohirska,Slovianoserbskyi,Luhanska,80,village,39.3426595,48.72811377
UKR4412746304,Ustynivka,Leninska,Sverdlovska,Luhanska,101,village,39.54891945,48.09459005
UKR4412746306,Fedorivka,Leninska,Sverdlovska,Luhanska,85,village,39.52106776,48.11026784
UKR4420384402,Bashtevych,Mykytivska,Antratsytivskyi,Luhanska,26,village,38.86682849,48.36818201
UKR4423181202,Bezghynove,Hrechyshkynska,Novoaidarskyi,Luhanska,201,village,39.00999725,48.92482733
UKR4422586605,Tyshkivka,Lisnopolianska,Markivskyi,Luhanska,237,village,39.49428913,49.46575016
UKR4423681103,Timiriazieve,Adrianopilska,Perevalskyi,Luhanska,11,village,38.74620691,48.29979262
UKR4422881106,Yasnoprominske,Velykotska,Milovskyi,Luhanska,22,village,40.11437883,49.3437111
UKR4420987812,Kalynova Balka,Solidarnenska,Bilokurakynskyi,Luhanska,34,village,38.5651925,49.75047841
UKR4420987811,Hladkove,Solidarnenska,Bilokurakynskyi,Luhanska,253,village,38.60340285,49.73974458
UKR4424055405,Tverdokhlibove,Nyzhnoduvanska,Svativskyi,Luhanska,9,village,38.18825442,49.65511829
UKR4411646000,Kniahynivka,Khrustalnivska,Krasnolutska,Luhanska,1281,urban type village,38.85035314,48.11726109
UKR4420986603,Shaparivka,Bilokurakynska,Bilokurakynskyi,Luhanska,481,village,38.84549725,49.49723009
UKR4423382805,Shapran,Kozlivska,Novopskovskyi,Luhanska,8,village,39.12659025,49.83739523
UKR4425486004,Shatkivka,Rozsypnenska,Troitskyi,Luhanska,1,village,38.68360672,50.0041098
UKR4420988212,Popasne,Chervonoarmiiska,Bilokurakynskyi,Luhanska,90,village,38.73433408,49.77774813
UKR4424556201,Dachne,Frunzenska,Slovianoserbskyi,Luhanska,26,village,38.70655003,48.68039269
UKR4424086505,Novoiehorivka,Raihorodska,Svativskyi,Luhanska,107,village,37.91214675,49.32699451
UKR4423382804,Svitle,Kozlivska,Novopskovskyi,Luhanska,169,village,39.08161056,49.79599819
UKR4424581109,Svitle,Veselohirska,Slovianoserbskyi,Luhanska,162,village,39.27392755,48.66027895
UKR4410345305,Sadovyi,Bokovo-Platovska,Antratsytska,Luhanska,240,village,38.99093165,48.09987889
UKR4425485008,Shakhove,Pryvilska,Troitskyi,Luhanska,74,village,38.481861,49.79982833
UKR4421680703,Shevchenko,Bulhakivska,Kreminskyi,Luhanska,60,village,38.5884735,49.19164971
UKR4424284404,Rytykove,Matviivska,Dovzhanskyi,Luhanska,96,village,39.5679585,48.01592486
UKR4425481004,Rodnychky,Bahachanska,Troitskyi,Luhanska,5,village,38.43340925,49.98750341
UKR4422582203,Ternivka,Heraskivska,Markivskyi,Luhanska,271,village,39.48136225,49.61561892
UKR4412346701,Berezivka,Naholno-Tarasivska,Rovenkivska,Luhanska,31,village,39.53321816,48.00804
UKR4411670603,Lisne,Miusynska,Krasnolutska,Luhanska,17,village,38.91229354,48.031083
UKR4410345301,Lisne,Bokovo-Platovska,Antratsytska,Luhanska,264,village,39.01897951,48.19898215
UKR4410345307,Khrystoforivka,Bokovo-Platovska,Antratsytska,Luhanska,612,village,39.01411616,48.17181114
UKR4410345303,Melnykove,Bokovo-Platovska,Antratsytska,Luhanska,25,village,39.03496459,48.15559804
UKR4410346903,Stepove,Shchotivska,Antratsytska,Luhanska,218,village,39.06271616,48.18675632
UKR4411670905,Voskresenivka,Petrovska,Krasnolutska,Luhanska,151,village,38.81588893,48.32018159
UKR4422855105,Travneve,Milovska,Milovskyi,Luhanska,398,village,40.0952365,49.38783411
UKR4423385302,Trembacheve,Pavlenkivska,Novopskovskyi,Luhanska,341,village,39.14260725,49.72556916
UKR4420684408,Tretiakivka,Danylivska,Bilovodskyi,Luhanska,527,village,39.5941845,49.09743254
UKR4424583908,Raivka,Metalistska,Slovianoserbskyi,Luhanska,266,village,39.18254689,48.68411937
UKR4425481507,Sudbynka,Voievodska,Troitskyi,Luhanska,20,village,38.56972782,49.94633609
UKR4421685403,Surovtsivka,Novokrasnianska,Kreminskyi,Luhanska,8,village,38.33129696,49.11158068
UKR4425182503,Sukhanivka,Nyzhnopokrovska,Starobilskyi,Luhanska,125,village,38.723449,49.17476394
UKR4424581403,Bohdanivka,Vesnianenska,Slovianoserbskyi,Luhanska,71,village,38.7271521,48.60444856
UKR4423188004,Oleksandrivka,Chabanivska,Novoaidarskyi,Luhanska,305,village,38.637693,48.96563828
UKR4424555905,Sukhodil,Rodakivska,Slovianoserbskyi,Luhanska,198,village,39.03900354,48.58872127
UKR4425180304,Tarabany,Veselivska,Starobilskyi,Luhanska,124,village,39.2685115,49.3386425
UKR4412746905,Kyseleve,Shakhtarska,Sverdlovska,Luhanska,372,village,39.52016847,48.03336171
UKR4420688905,Rozdollia,Novolymarivska,Bilovodskyi,Luhanska,0,village,39.78545049,49.33265003
UKR4424555102,Znamianka,Slovianoserbska,Slovianoserbskyi,Luhanska,63,village,38.90877068,48.74453041
UKR4424281103,Panchenkove,Oleksandrivska,Dovzhanskyi,Luhanska,694,village,39.77129958,48.04311828
UKR4420986903,Pankivka,Bilokurakynska,Bilokurakynskyi,Luhanska,599,village,38.8003355,49.4365134
UKR4424581106,Pankivka,Veselohirska,Slovianoserbskyi,Luhanska,34,village,39.34789149,48.70290983
UKR4425183504,Novoastrakhanske,Malokhatska,Starobilskyi,Luhanska,13,village,38.74518005,49.12220545
UKR4412346905,Kalynivka,Novodarivska,Rovenkivska,Luhanska,287,village,39.49027062,48.09814244
UKR4412346901,Valianivsk,Novodarivska,Rovenkivska,Luhanska,235,village,39.52477932,48.0750346
UKR4420386604,Mechetka,Rebrykivska,Antratsytivskyi,Luhanska,405,village,39.3400565,48.17180155
UKR4424083003,Pavlivka,Mankivska,Svativskyi,Luhanska,55,village,38.39713187,49.54084245
UKR4422283304,Paliivka,Kamianska,Lutuhynskyi,Luhanska,217,village,39.41791425,48.23866408
UKR4421483004,Panteliivka,Davydo-Mykilska,Sorokynskyi,Luhanska,0,village,39.72826275,48.49177286
UKR4423380703,Pantiukhyne,Hanusivska,Novopskovskyi,Luhanska,146,village,39.4474375,49.7540446
UKR4423856202,Novoivanivka,Vrubivska,Popasnianskyi,Luhanska,807,village,38.4706665,48.74564784
UKR4421486605,Novokyivka,Parkhomenkivska,Sorokynskyi,Luhanska,114,village,39.66581356,48.5847106
UKR4420381105,Novokrasnivka,Bobrykivska,Antratsytivskyi,Luhanska,273,village,39.28223212,47.93552585
UKR4411646701,Davydivka,Sofiivska,Krasnolutska,Luhanska,58,village,38.82534291,48.25429787
UKR4421481105,Nyzhnia Harasymivka,Verkhnoharasymivska,Sorokynskyi,Luhanska,858,village,39.979101,48.31353669
UKR4424883003,Krasnyi Derkul,Krasnotalivska,Stanychno-Luhanskyi,Luhanska,259,village,39.81964648,48.86911668
UKR4424010102,Zmiivka,Svativska,Svativskyi,Luhanska,80,village,38.0607035,49.4493475
UKR4425180603,Novoomelkove,Chmyrivska,Starobilskyi,Luhanska,126,village,39.1319675,49.1710686
UKR4425187502,Omelkove,Shulhynska,Starobilskyi,Luhanska,42,village,39.08982025,49.13322449
UKR4421481102,Vlasivka,Verkhnoharasymivska,Sorokynskyi,Luhanska,1833,village,39.8983775,48.27114732
UKR4424080504,Poltava,Verkhnoduvanska,Svativskyi,Luhanska,160,village,38.1170515,49.62729634
UKR4420988208,Novopokrovka,Chervonoarmiiska,Bilokurakynskyi,Luhanska,11,village,38.75976,49.75578751
UKR4424083002,Novopreobrazhenne,Mankivska,Svativskyi,Luhanska,41,village,38.35594225,49.5525329
UKR4425481003,Maksymivka,Bahachanska,Troitskyi,Luhanska,112,village,38.39139699,49.92049467
UKR4422282204,Mala Martynivka,Illiriiska,Lutuhynskyi,Luhanska,45,village,38.96590212,48.39071989
UKR4422282205,Mala Yurivka,Illiriiska,Lutuhynskyi,Luhanska,174,village,38.95852775,48.38170605
UKR4421487703,Malyi Sukhodil,Velykosukhodilska,Sorokynskyi,Luhanska,337,village,39.84430275,48.36715412
UKR4424884503,Malynove,Vilkhivska,Stanychno-Luhanskyi,Luhanska,73,village,39.42534556,48.72097323
UKR4412746302,Malovedmezhe,Leninska,Sverdlovska,Luhanska,137,village,39.53097329,48.09287315
UKR4423155102,Malovendelivka,Novoaidarska,Novoaidarskyi,Luhanska,88,village,38.93988823,49.00963926
UKR4424555103,Krasnyi Lyman,Slovianoserbska,Slovianoserbskyi,Luhanska,101,village,38.9728925,48.72050053
UKR4424555903,Mamusheve,Rodakivska,Slovianoserbskyi,Luhanska,941,village,39.02915055,48.57663712
UKR4421456502,Krasnyi Yar,Simeikynska,Sorokynskyi,Luhanska,41,village,39.47852375,48.29711863
UKR4424583903,Lyman,Metalistska,Slovianoserbskyi,Luhanska,123,village,39.25360033,48.66440158
UKR4423856502,Novooleksandrivka,Kalynivska,Popasnianskyi,Luhanska,124,village,38.42917019,48.61400106
UKR4411470401,Novosimeikine,Molodohvardiiska,Krasnodonska,Luhanska,535,village,39.61733754,48.34319502
UKR4422581103,Nova Ukraina,Bondarivska,Markivskyi,Luhanska,33,village,39.51563299,49.3909089
UKR4420988004,Novoandriivka,Tymoshynska,Bilokurakynskyi,Luhanska,82,village,38.77624414,49.70200122
UKR4412347101,Novoukrainka,Proletarska,Rovenkivska,Luhanska,353,village,39.30798416,48.12487756
UKR4425181504,Bondareve,Karaiashnytska,Starobilskyi,Luhanska,425,village,39.18988612,49.38065137
UKR4425181703,Dubovivka,Kuriachivska,Starobilskyi,Luhanska,104,village,38.85360734,49.36282931
UKR4425484002,Duvanka,Vivcharivska,Troitskyi,Luhanska,51,village,38.68116425,49.83344245
UKR4420386602,Verbivka,Rebrykivska,Antratsytivskyi,Luhanska,129,village,39.3351295,48.14804531
UKR4424885502,Verkhnii Minchenok,Teplivska,Stanychno-Luhanskyi,Luhanska,237,village,39.47645759,48.87830254
UKR4424886502,Vilne,Chuhynska,Stanychno-Luhanskyi,Luhanska,14,village,39.75942844,48.95279603
UKR4425485003,Vilshany,Pryvilska,Troitskyi,Luhanska,141,village,38.4935975,49.87108589
UKR4420684402,Vitrohon,Danylivska,Bilovodskyi,Luhanska,119,village,39.74562225,49.14819139
UKR4423183402,Vovkodaieve,Koliadivska,Novoaidarskyi,Luhanska,579,village,39.30208425,49.06524858
UKR4421483002,Vodotok,Davydo-Mykilska,Sorokynskyi,Luhanska,67,village,39.699863,48.48546146
UKR4422884403,Vodianolypove,Mykilska,Milovskyi,Luhanska,46,village,39.86164,49.54485884
UKR4424855401,Voitove,Petropavlivska,Stanychno-Luhanskyi,Luhanska,403,village,39.18396775,48.84809854
UKR4424585507,Petrovenky,Khoroshenska,Slovianoserbskyi,Luhanska,704,village,38.78425775,48.65002279
UKR4424084503,Pylypivka,Oborotnivska,Svativskyi,Luhanska,28,village,38.0168545,49.61437528
UKR4423386602,Pysarivka,Rybiantsivska,Novopskovskyi,Luhanska,740,village,39.07379604,49.50207199
UKR4423656101,Borzhykivka,Komisarivska,Perevalskyi,Luhanska,4,village,38.46790951,48.39293368
UKR4424255301,Bratske,Biriukivska,Dovzhanskyi,Luhanska,110,village,39.7145795,47.92685499
UKR4411670901,Butkevych,Petrovska,Krasnolutska,Luhanska,90,village,38.8640441,48.31004795
UKR4421455302,Verkhnia Krasnianka,Velykolohivska,Sorokynskyi,Luhanska,638,village,39.5125255,48.26850119
UKR4424880503,Vilkhove,Valuiska,Stanychno-Luhanskyi,Luhanska,3114,village,39.57026251,48.67402992
UKR4422885502,Berezove,Novostriltsivska,Milovskyi,Luhanska,204,village,39.97497427,49.29827671
UKR4422884404,Dibrova,Mykilska,Milovskyi,Luhanska,486,village,40.113016,49.58263755
UKR4424555101,Dovhe,Slovianoserbska,Slovianoserbskyi,Luhanska,311,village,39.03212594,48.64358673
UKR4422282207,Yasne,Illiriiska,Lutuhynskyi,Luhanska,339,village,39.0900605,48.39989913
UKR4422882202,Pivnivka,Zorykivska,Milovskyi,Luhanska,426,village,39.87870506,49.43395301
UKR4421487704,Pidhirne,Velykosukhodilska,Sorokynskyi,Luhanska,107,village,39.88839497,48.3908588
UKR4420685502,Honcharove,Yevsuzka,Bilovodskyi,Luhanska,4,village,39.43234055,49.23333477
UKR4410345901,Orikhove,Dubivska,Antratsytska,Luhanska,599,village,39.16889377,48.04032842
UKR4421486608,Khriashchivka,Parkhomenkivska,Sorokynskyi,Luhanska,27,village,39.61718062,48.57323643
UKR4423380705,Solone,Hanusivska,Novopskovskyi,Luhanska,21,village,39.3484325,49.73483791
UKR4425184802,Antonivka,Sadkivska,Starobilskyi,Luhanska,160,village,39.21858225,49.28791091
UKR4424284402,Antrakop,Matviivska,Dovzhanskyi,Luhanska,49,village,39.54206863,48.0233212
UKR4422881104,Rannia Zoria,Velykotska,Milovskyi,Luhanska,106,village,40.20392781,49.25531811
UKR4422884407,Shelestivka,Mykilska,Milovskyi,Luhanska,85,village,40.0233865,49.57551949
UKR4420987204,Khomenkove Druhe,Pavlivska,Bilokurakynskyi,Luhanska,15,village,38.8191475,49.65071111
UKR4423684402,Veselohorivka,Chervonopraporska,Perevalskyi,Luhanska,31,village,38.4583461,48.47321412
UKR4420985504,Khomenkove Pershe,Bilokurakynska,Bilokurakynskyi,Luhanska,249,village,38.68562675,49.664238
UKR4422884406,Khomynske,Mykilska,Milovskyi,Luhanska,83,village,40.06383,49.54488634
UKR4424081002,Khomivka,Honcharivska,Svativskyi,Luhanska,655,village,38.14923844,49.50399182
UKR4421486607,Khoroshylove,Parkhomenkivska,Sorokynskyi,Luhanska,31,village,39.73216362,48.56463952
UKR4412347300,Tatsyne,Mykhailivska,Rovenkivska,Luhanska,269,urban type village,39.21208888,48.06627015
UKR4411645400,Hrushove,Sofiivska,Krasnolutska,Luhanska,882,urban type village,38.809467,48.2461817
UKR4411647000,Fedorivka,Petrovska,Krasnolutska,Luhanska,412,urban type village,38.85211091,48.31735349
UKR4411445900,Krasnodarskyi,Izvarynska,Krasnodonska,Luhanska,336,urban type village,39.97066162,48.29656894
UKR4412746600,Pavlivka,Volodarska,Sverdlovska,Luhanska,1050,urban type village,39.54178942,48.13031338
UKR4423180705,Tsarivka,Bakhmutivska,Novoaidarskyi,Luhanska,378,village,39.05908534,48.88631496
UKR4425485508,Tsarivka,Rozpasiivska,Troitskyi,Luhanska,174,village,38.441447,49.83546902
UKR4425483209,Solontsi,Novoznamianska,Troitskyi,Luhanska,259,village,38.14724588,49.9037751
UKR4423388206,Sosnivka,Taniushivska,Novopskovskyi,Luhanska,276,village,38.95824075,49.76411034
UKR4424084504,Sofiivka,Oborotnivska,Svativskyi,Luhanska,576,village,38.032575,49.62739143
UKR4424885003,Staryi Aidar,Peredilska,Stanychno-Luhanskyi,Luhanska,283,village,39.17198,48.7225627
UKR4411645703,Komendantske,Zaporizka,Krasnolutska,Luhanska,129,village,38.67583647,48.2605707
UKR4411645701,Zherebiache,Zaporizka,Krasnolutska,Luhanska,34,village,38.78140856,48.28155603
UKR4421680702,Prohres,Bulhakivska,Kreminskyi,Luhanska,44,village,38.52310339,49.19043091
UKR4425181002,Krynychky,Kalmykivska,Starobilskyi,Luhanska,78,village,38.708988,49.29292953
UKR4422881103,Krynychne,Velykotska,Milovskyi,Luhanska,57,village,40.0950225,49.30382402
UKR4420356202,Zakhidne,Malomykolaivska,Antratsytivskyi,Luhanska,112,village,39.02065825,48.28748288
UKR4422282203,Zakhidne,Illiriiska,Lutuhynskyi,Luhanska,134,village,39.05085413,48.39974061
UKR4425184805,Zakhidne,Sadkivska,Starobilskyi,Luhanska,100,village,39.2824404,49.30063033
UKR4422285507,Piatyhorivka,Pershozvanivska,Lutuhynskyi,Luhanska,134,village,39.38845525,48.34781782
UKR4420681102,Zelekivka,Baranykivska,Bilovodskyi,Luhanska,798,village,39.845743,49.19563038
UKR4420383302,Zelenyi Hai,Krasnolutska,Antratsytivskyi,Luhanska,60,village,38.95666775,48.18763307
UKR4420955701,Oleksapil,Lozno-Oleksandrivska,Bilokurakynskyi,Luhanska,223,village,38.74889575,49.84881638
UKR4422855103,Oleksiivka,Milovska,Milovskyi,Luhanska,32,village,40.05917073,49.42889484
UKR4420986904,Tsiluikove,Bilokurakynska,Bilokurakynskyi,Luhanska,402,village,38.84005306,49.46708618
UKR4420988009,Chabanove,Tymoshynska,Bilokurakynskyi,Luhanska,74,village,38.69219125,49.72600324
UKR4424084004,Chepyhivka,Mistkivska,Svativskyi,Luhanska,317,village,38.58989386,49.37029669
UKR4420387702,Zelenodilske,Chervonopolianska,Antratsytivskyi,Luhanska,226,village,39.2083645,48.2120257
UKR4424286604,Zelenopillia,Novoborovytska,Dovzhanskyi,Luhanska,147,village,39.48498898,47.91925381
UKR4424583902,Zemliane,Metalistska,Slovianoserbskyi,Luhanska,16,village,39.21420912,48.62751215
UKR4424287703,Zymivnyky,Provalska,Dovzhanskyi,Luhanska,133,village,39.8164894,48.09973732
UKR4423382803,Lytvynove,Kozlivska,Novopskovskyi,Luhanska,50,village,39.20141597,49.85021747
UKR4424886505,Oleksandrivka,Chuhynska,Stanychno-Luhanskyi,Luhanska,236,village,39.73950222,48.97780447
UKR4420987702,Kartamysheve,Prostorivska,Bilokurakynskyi,Luhanska,5,village,38.52180428,49.6393088
UKR4420386603,Kartushyne,Rebrykivska,Antratsytivskyi,Luhanska,951,village,39.25305027,48.18474496
UKR4422584404,Kaskivka,Krasnopilska,Markivskyi,Luhanska,119,village,39.5725215,49.67194747
UKR4421456204,Katerynivka,Novosvitlivska,Sorokynskyi,Luhanska,79,village,39.52713695,48.45972786
UKR4421481104,Mykyshivka,Verkhnoharasymivska,Sorokynskyi,Luhanska,91,village,39.95087723,48.23527666
UKR4421681002,Zatyshne,Varvarivska,Kreminskyi,Luhanska,97,village,38.403245,49.11828492
UKR4420686604,Lymarivka,Kononivska,Bilovodskyi,Luhanska,342,village,39.59569589,49.32267834
UKR4420988002,Kupliuvate,Tymoshynska,Bilokurakynskyi,Luhanska,149,village,38.77619175,49.7257914
UKR4424285502,Kuriache,Medvezhanska,Dovzhanskyi,Luhanska,214,village,39.605318,48.17353394
UKR4422581102,Kuriachivka,Bondarivska,Markivskyi,Luhanska,627,village,39.61263913,49.38423361
UKR4423856906,Oleksandropillia,Komyshuvaska,Popasnianskyi,Luhanska,359,village,38.36801867,48.67269803
UKR4424285503,Mykolaivka,Medvezhanska,Dovzhanskyi,Luhanska,53,village,39.46746956,48.16378782
UKR4420685504,Parneve,Yevsuzka,Bilovodskyi,Luhanska,419,village,39.40447001,49.20637174
UKR4423683302,Kamianka,Petrivska,Perevalskyi,Luhanska,248,village,38.76949237,48.52837115
UKR4421683202,Novoliubivka,Nevska,Kreminskyi,Luhanska,99,village,37.95282175,49.15002074
UKR4422587702,Lymarivka,Prosianska,Markivskyi,Luhanska,134,village,39.7274988,49.59272139
UKR4421480804,Lypove,Biloskeliuvatska,Sorokynskyi,Luhanska,105,village,39.717596,48.40702755
UKR4423655502,Malokostiantynivka,Buhaivska,Perevalskyi,Luhanska,298,village,38.9082695,48.44303654
UKR4425487003,Malooleksandrivka,Tymonivska,Troitskyi,Luhanska,435,village,38.46924975,49.70535396
UKR4411447101,Zakhidnyi,Uralo-Kavkazka,Krasnodonska,Luhanska,395,village,39.80938177,48.29998574
UKR4412746002,Prokhladne,Komsomolska,Sverdlovska,Luhanska,332,village,39.68839203,48.1449578
UKR4424281102,Ananivka,Oleksandrivska,Dovzhanskyi,Luhanska,225,village,39.71979293,48.06175118
UKR4412745702,Khmelnytskyi,Kalininska,Sverdlovska,Luhanska,618,village,39.64997561,47.97614738
UKR4412346001,Korobkyne,Rovenkivska,Rovenkivska,Luhanska,69,village,39.40585524,48.1365875
UKR4412346003,Pokrovka,Klenivska,Rovenkivska,Luhanska,98,village,39.49724576,48.11308243
UKR4422284405,Novobulakhivka,Orikhivska,Lutuhynskyi,Luhanska,155,village,39.084521,48.29732385
UKR4422583303,Lypove,Kabychivska,Markivskyi,Luhanska,14,village,39.78692725,49.56084111
UKR4421456206,Lyse,Novosvitlivska,Sorokynskyi,Luhanska,458,village,39.58912425,48.47464962
UKR4423682203,Novoselivka,Maloivanivska,Perevalskyi,Luhanska,119,village,38.69639699,48.38841663
UKR4424582206,Novoselivka,Zhovtenska,Slovianoserbskyi,Luhanska,36,village,39.10355835,48.59184362
UKR4422886605,Novomykilske,Striltsivska,Milovskyi,Luhanska,465,village,39.8462205,49.33243834
UKR4423180502,Mykhailiuky,Oleksiivska,Novoaidarskyi,Luhanska,458,village,39.30289202,48.98748938
UKR4425180302,Petrivske,Veselivska,Starobilskyi,Luhanska,258,village,39.1473785,49.33342759
UKR4424884502,Verkhnia Vilkhova,Vilkhivska,Stanychno-Luhanskyi,Luhanska,464,village,39.544975,48.75211291
UKR4422281302,Verkhnia Orikhivka,Volnukhynska,Lutuhynskyi,Luhanska,135,village,39.34266875,48.35787932
UKR4424880502,Bolotene,Valuiska,Stanychno-Luhanskyi,Luhanska,87,village,39.58622675,48.60674074
UKR4421480803,Druzhne,Biloskeliuvatska,Sorokynskyi,Luhanska,429,village,39.75838164,48.39398259
UKR4421456001,Dubivka,Novooleksandrivska,Sorokynskyi,Luhanska,26,village,39.60876427,48.20704919
UKR4423180702,Dubove,Bakhmutivska,Novoaidarskyi,Luhanska,68,village,38.94895065,48.87747281
UKR4423857502,Loskutivka,Myrnodolynska,Popasnianskyi,Luhanska,855,village,38.410115,48.80449664
UKR4423180704,Mykhailivka,Bakhmutivska,Novoaidarskyi,Luhanska,150,village,39.04975625,48.9250804
UKR4424886002,Mykhailivka,Sotenska,Stanychno-Luhanskyi,Luhanska,267,village,39.2686595,48.87221857
UKR4421681302,Klymivka,Holubivska,Kreminskyi,Luhanska,442,village,38.442731,49.25239443
UKR4425488004,Klynuvatka,Yamenska,Troitskyi,Luhanska,8,village,38.253444,49.80463746
UKR4425487004,Mykhailivka,Tymonivska,Troitskyi,Luhanska,50,village,38.43906625,49.703452
UKR4420381103,Yehorivka,Bobrykivska,Antratsytivskyi,Luhanska,250,village,39.19601366,47.98015466
UKR4410545200,Hannivka,Yuzhno-Lomuvatska,Briankivska,Luhanska,266,urban type village,38.54787325,48.48298984
UKR4424085503,Lahidne,Petrivska,Svativskyi,Luhanska,262,village,38.33945714,49.42533431
UKR4424555401,Kryvorizhzhia,Lozivska,Slovianoserbskyi,Luhanska,198,village,38.84158028,48.55068119
UKR4421610102,Kuzmyne,Kreminska,Kreminskyi,Luhanska,104,village,38.145365,49.00522058
UKR4420383304,Kurhan,Krasnolutska,Antratsytivskyi,Luhanska,93,village,38.9872695,48.17795785
UKR4423857201,Lysychanskyi,Maloriazantsivska,Popasnianskyi,Luhanska,714,village,38.36153357,48.92040093
UKR4420381104,Klunykove,Bobrykivska,Antratsytivskyi,Luhanska,143,village,39.32334061,47.88986041
UKR4423188503,Kovpaky,Shtormivska,Novoaidarskyi,Luhanska,7,village,39.017884,49.0919231
UKR4425487506,Kozaryk,Topolivska,Troitskyi,Luhanska,156,village,38.274332,49.84406576
UKR4422884402,Blahodatne,Mykilska,Milovskyi,Luhanska,58,village,40.05932122,49.5899091
UKR4424287702,Bobrykivka,Provalska,Dovzhanskyi,Luhanska,379,village,39.7213575,48.13220723
UKR4425484502,Bohorodytske,Pokrovska,Troitskyi,Luhanska,22,village,38.1207704,49.72459586
UKR4422283302,Bokove,Kamianska,Lutuhynskyi,Luhanska,32,village,39.42803025,48.23272606
UKR4420982302,Hrytsaivka,Bilokurakynska,Bilokurakynskyi,Luhanska,138,village,38.6075605,49.43746239
UKR4425484503,Davydivka,Pokrovska,Troitskyi,Luhanska,12,village,38.1878305,49.79634653
UKR4424286603,Darivka,Novoborovytska,Dovzhanskyi,Luhanska,136,village,39.426556,47.9787898
UKR4422281307,Lisne,Volnukhynska,Lutuhynskyi,Luhanska,378,village,39.21283034,48.35354819
UKR4422883603,Kyrnosove,Musiivska,Milovskyi,Luhanska,18,village,39.9674175,49.21718607
UKR4420981002,Klymivka,Bilokurakynska,Bilokurakynskyi,Luhanska,1,village,38.93539838,49.6449921
UKR4425181503,Berezove,Karaiashnytska,Starobilskyi,Luhanska,20,village,39.1440649,49.39755986
UKR4423857501,Bila Hora,Myrnodolynska,Popasnianskyi,Luhanska,290,village,38.5126295,48.83918935
UKR4421487702,Bilenke,Velykosukhodilska,Sorokynskyi,Luhanska,166,village,39.89767753,48.35381637
UKR4423656703,Utkyne,Seleznivska,Perevalskyi,Luhanska,213,village,38.790321,48.32248673
UKR4424284405,Utkyne,Matviivska,Dovzhanskyi,Luhanska,97,village,39.59674905,48.03994793
UKR4422282206,Ushakivka,Illiriiska,Lutuhynskyi,Luhanska,220,village,39.02882425,48.39839889
UKR4422586606,Fartukivka,Lisnopolianska,Markivskyi,Luhanska,115,village,39.455729,49.54855568
UKR4425485507,Fedosiivka,Rozpasiivska,Troitskyi,Luhanska,18,village,38.440198,49.86898051
UKR4425183509,Fedchyne,Malokhatska,Starobilskyi,Luhanska,126,village,38.7724217,49.107682
UKR4423384706,Khvorostiane,Novopskovska,Novopskovskyi,Luhanska,43,village,39.05554,49.51535808
UKR4421610104,Dibrova,Kreminska,Kreminskyi,Luhanska,338,village,38.10699438,48.99720178
UKR4422585502,Sychivka,Kryzka,Markivskyi,Luhanska,321,village,39.59054755,49.43989901
UKR4422586604,Skorodna,Lisnopolianska,Markivskyi,Luhanska,192,village,39.48879646,49.49289005
UKR4425483203,Kashkarne,Novoznamianska,Troitskyi,Luhanska,58,village,38.110505,49.85959264
UKR4424885303,Blahovishchenka,Talivska,Stanychno-Luhanskyi,Luhanska,361,village,40.02046325,48.90162972
UKR4425182002,Balakyrivka,Lymanska,Starobilskyi,Luhanska,44,village,38.9230916,49.3480498
UKR4425480502,Baranycheve,Arapivska,Troitskyi,Luhanska,16,village,38.11930532,49.7489026
UKR4421482202,Batyr,Verkhnoshevyrivska,Sorokynskyi,Luhanska,65,village,39.700589,48.17079703
UKR4412391002,Hrybuvakha,Blahivska,Rovenkivska,Luhanska,385,village,39.328301,47.98165042
UKR4424584002,Novohryhorivka,Stepivska,Slovianoserbskyi,Luhanska,42,village,38.89204285,48.64111409
UKR4412391003,Novodarivka,Blahivska,Rovenkivska,Luhanska,193,village,39.3795035,47.96496181
UKR4424555904,Novodachne,Rodakivska,Slovianoserbskyi,Luhanska,99,village,39.01192838,48.58977581
UKR4421485502,Andriivka,Novohannivska,Sorokynskyi,Luhanska,13,village,39.4938009,48.35412033
UKR4424087002,Andriivka,Rudivska,Svativskyi,Luhanska,87,village,38.3801685,49.41723803
UKR4425487502,Anoshkyne,Topolivska,Troitskyi,Luhanska,343,village,38.19253546,49.83823102
UKR4423684406,Polove,Chervonopraporska,Perevalskyi,Luhanska,22,village,38.43630483,48.44094333
UKR4424084002,Barykyne,Mistkivska,Svativskyi,Luhanska,120,village,38.39605278,49.29125479
UKR4423382002,Lysohorivka,Zakotnenska,Novopskovskyi,Luhanska,421,village,38.94021615,49.43742857
UKR4425182004,Proizhdzhe,Lymanska,Starobilskyi,Luhanska,1046,village,38.9782215,49.39078755
UKR4423385902,Bulavynivka,Piskivska,Novopskovskyi,Luhanska,856,village,38.97128532,49.41728488
UKR4412345700,Hirnyk,Mykhailivska,Rovenkivska,Luhanska,795,urban type village,39.19206177,48.06738547
UKR4420689203,Uzlissia,Pluhatarska,Bilovodskyi,Luhanska,68,village,39.784371,49.17582939
UKR4412391005,Ulianivka,Blahivska,Rovenkivska,Luhanska,246,village,39.3766355,48.00919471
UKR4423857505,Ustynivka,Myrnodolynska,Popasnianskyi,Luhanska,121,village,38.56519927,48.82292801
UKR4420689202,Novospasivka,Pluhatarska,Bilovodskyi,Luhanska,145,village,39.78647312,49.26503024
UKR4422281309,Novofedorivka,Volnukhynska,Lutuhynskyi,Luhanska,231,village,39.30853292,48.35563991
UKR4424581112,Tsvitni Pisky,Veselohirska,Slovianoserbskyi,Luhanska,84,village,39.27546825,48.66496932
UKR4424583913,Shyshkove,Metalistska,Slovianoserbskyi,Luhanska,267,village,39.22680725,48.64185526
UKR4420684403,Horodnie,Danylivska,Bilovodskyi,Luhanska,236,village,39.59012457,49.16331842
UKR4424086506,Serhiivka,Raihorodska,Svativskyi,Luhanska,20,village,37.96159825,49.36116369
UKR4424883504,Serednoteple,Nyzhnoteplivska,Stanychno-Luhanskyi,Luhanska,0,village,39.36385405,48.8090612
UKR4424880505,Syze,Valuiska,Stanychno-Luhanskyi,Luhanska,14,village,39.6303795,48.60077495
UKR4423388205,Synelnykove,Taniushivska,Novopskovskyi,Luhanska,42,village,38.79338456,49.72558455
UKR4425482002,Syrotyne,Demyno-oleksandrivska,Troitskyi,Luhanska,558,village,38.2918,50.05044126
UKR4424884003,Lobacheve,Mykolaivska,Stanychno-Luhanskyi,Luhanska,320,village,39.499889,48.5558868
UKR4412945300,Voronove,Syrotynska,Sievierodonetska,Luhanska,853,urban type village,38.5718098,48.89761739
UKR4410545900,Hlybokyi,Briankivska,Briankivska,Luhanska,242,urban type village,38.58708941,48.47502712
UKR4411045703,Tavrychanske,Chervonohvardiiska,Kirovska,Luhanska,203,village,38.69314954,48.62924579
UKR4412945201,Bobrove,Borivska,Sievierodonetska,Luhanska,255,village,38.64360754,48.81086269
UKR4420985503,Rudove,Bilokurakynska,Bilokurakynskyi,Luhanska,48,village,38.628696,49.62689235
UKR4424582208,Sabivka,Zhovtenska,Slovianoserbskyi,Luhanska,1129,village,39.14254725,48.58078988
UKR4425183505,Orlivka,Malokhatska,Starobilskyi,Luhanska,71,village,38.727868,49.08409031
UKR4420988006,Osykove,Tymoshynska,Bilokurakynskyi,Luhanska,61,village,38.63700485,49.74763964
UKR4412945203,Oskolonivka,Borivska,Sievierodonetska,Luhanska,23,village,38.6599164,48.8525809
UKR4424082005,Dzherelne,Kolomyichyska,Svativskyi,Luhanska,138,village,37.951681,49.41283478
UKR4424055401,Kulykivka,Nyzhnoduvanska,Svativskyi,Luhanska,2,village,38.19369649,49.67420765
UKR4425485007,Luhove,Pryvilska,Troitskyi,Luhanska,82,village,38.56657625,49.87471751
UKR4424286605,Liubyme,Novoborovytska,Dovzhanskyi,Luhanska,241,village,39.463686,47.87519623
UKR4420981003,Liashkivka,Bilokurakynska,Bilokurakynskyi,Luhanska,76,village,38.8938163,49.68669362
UKR4412990005,Synetskyi,Sievierodonetska,Sievierodonetska,Luhanska,243,village,38.40769819,48.94901181
UKR4412990003,Pavlohrad,Sievierodonetska,Sievierodonetska,Luhanska,181,village,38.45213373,48.92519965
UKR4412945600,Metolkine,Syrotynska,Sievierodonetska,Luhanska,741,urban type village,38.55362895,48.92942906
UKR4423188506,Trudove,Shtormivska,Novoaidarskyi,Luhanska,54,village,39.0186866,49.06841063
UKR4425484004,Trudrodytelske,Vivcharivska,Troitskyi,Luhanska,33,village,38.60983955,49.85336841
UKR4425187002,Senkove,Shpotynska,Starobilskyi,Luhanska,75,village,39.25228273,49.14966567
UKR4422883306,Shelestivka,Morozivska,Milovskyi,Luhanska,331,village,39.91854075,49.4971421
UKR4410160303,Teplychne,Oleksandrivska,Luhanska,Luhanska,1574,village,39.2286232,48.58602498
UKR4420688803,Ternove,Novooleksandrivska,Bilovodskyi,Luhanska,120,village,39.41993568,49.08679571
UKR4421489309,Ternove,Khriashchuvatenska,Sorokynskyi,Luhanska,69,village,39.41129139,48.45311205
UKR4425187003,Tetske,Shpotynska,Starobilskyi,Luhanska,166,village,39.19160188,49.13712877
UKR4422587703,Rozsokhuvate,Prosianska,Markivskyi,Luhanska,383,village,39.63498063,49.5451642
UKR4420981008,Romanivka,Bilokurakynska,Bilokurakynskyi,Luhanska,153,village,38.934001,49.66990131
UKR4422582202,Rudivka,Heraskivska,Markivskyi,Luhanska,140,village,39.577754,49.63174423
UKR4425185502,Novoselivka,Tytarivska,Starobilskyi,Luhanska,459,village,38.88699546,49.25756622
UKR4425488003,Karaichne,Yamenska,Troitskyi,Luhanska,154,village,38.285374,49.80031764
UKR4422281304,Marivka,Volnukhynska,Lutuhynskyi,Luhanska,118,village,39.36091293,48.33775591
UKR4424081502,Karmazynivka,Kovalivska,Svativskyi,Luhanska,247,village,38.022961,49.31053093
UKR4424880504,Makarove,Valuiska,Stanychno-Luhanskyi,Luhanska,1786,village,39.51651544,48.67863319
UKR4423384703,Makartetyne,Novopskovska,Novopskovskyi,Luhanska,388,village,38.92942875,49.57872556
UKR4422283303,Makedonivka,Kamianska,Lutuhynskyi,Luhanska,599,village,39.2953643,48.23352766
UKR4424055403,Oleksandrivka,Nyzhnoduvanska,Svativskyi,Luhanska,18,village,38.1798832,49.6402823
UKR4422886602,Kalmykivka,Striltsivska,Milovskyi,Luhanska,587,village,39.85771825,49.27038454
UKR4425487002,Krasnohryhorivka,Tymonivska,Troitskyi,Luhanska,53,village,38.4173816,49.67814898
UKR4420688903,Kreidiane,Novolymarivska,Bilovodskyi,Luhanska,189,village,39.66198,49.29860469
UKR4422588806,Kreidiane,Sychanska,Markivskyi,Luhanska,139,village,39.32758705,49.45308672
UKR4423855303,Shypylivka,Bilohorivska,Popasnianskyi,Luhanska,746,village,38.2734689,48.96764076
UKR4422284406,Shovkova Protoka,Orikhivska,Lutuhynskyi,Luhanska,361,village,39.25586617,48.30306091
UKR4420983403,Shovkunivka,Bilokurakynska,Bilokurakynskyi,Luhanska,319,village,38.57063234,49.54256268
UKR4412990001,Lisna Dacha,Sievierodonetska,Sievierodonetska,Luhanska,23,village,38.4903245,48.92251096
UKR4424585511,Yasnodolsk,Khoroshenska,Slovianoserbskyi,Luhanska,288,village,38.76961023,48.58493159
UKR4423655300,Bairachky,Zorynska,Perevalskyi,Luhanska,1065,urban type village,38.60035508,48.39116872
UKR4411670903,Verhulivske,Petrovska,Krasnolutska,Luhanska,110,village,38.8284801,48.32270868
UKR4423855302,Zolotarivka,Bilohorivska,Popasnianskyi,Luhanska,631,village,38.27332549,48.87736665
UKR4424886504,Zolotarivka,Chuhynska,Stanychno-Luhanskyi,Luhanska,128,village,39.79161245,48.90641616
UKR4422883302,Zorynivka,Morozivska,Milovskyi,Luhanska,479,village,40.0222145,49.47144376
UKR4421483003,Ivanivka,Davydo-Mykilska,Sorokynskyi,Luhanska,211,village,39.75705325,48.50438115
UKR4424084003,Ivanivka,Mistkivska,Svativskyi,Luhanska,15,village,38.356018,49.31400848
UKR4420981503,Lubianka,Bilokurakynska,Bilokurakynskyi,Luhanska,498,village,38.7660885,49.4742064
UKR4421655401,Zalyman,Krasnorichenska,Kreminskyi,Luhanska,466,village,38.17767375,49.24278385
UKR4423382802,Zalisne,Kozlivska,Novopskovskyi,Luhanska,58,village,39.1307994,49.84814439
UKR4424555902,Zamostia,Rodakivska,Slovianoserbskyi,Luhanska,181,village,39.0694718,48.57195005
UKR4424082503,Storozhivka,Kuzemivska,Svativskyi,Luhanska,51,village,38.04872241,49.48888161
UKR4424885503,Krepy,Teplivska,Stanychno-Luhanskyi,Luhanska,247,village,39.505361,48.93147505
UKR4424082504,Kryvoshyivka,Kuzemivska,Svativskyi,Luhanska,209,village,37.99988905,49.49981991
UKR4425186502,Zaporizke,Chmyrivska,Starobilskyi,Luhanska,386,village,38.96121499,49.31386062
UKR4422885504,Zarichne,Novostriltsivska,Milovskyi,Luhanska,179,village,39.95334125,49.3373046
UKR4424581404,Zarichne,Vesnianenska,Slovianoserbskyi,Luhanska,86,village,38.73262569,48.61777656
UKR4425180604,Orikhove,Chmyrivska,Starobilskyi,Luhanska,239,village,39.17196274,49.23777958
UKR4411446201,Svitlychne,Krasnodonska,Krasnodonska,Luhanska,153,village,39.57134036,48.28465874
UKR4425481506,Poltavske,Voievodska,Troitskyi,Luhanska,106,village,38.498574,49.95410798
UKR4423185602,Popasne,Novookhtyrska,Novoaidarskyi,Luhanska,62,village,38.84560625,49.00194814
UKR4420985502,Popivka,Bilokurakynska,Bilokurakynskyi,Luhanska,342,village,38.582574,49.61090978
UKR4424081507,Popivka,Kovalivska,Svativskyi,Luhanska,13,village,38.07462903,49.36001414
UKR4420986902,Kalynivske,Bilokurakynska,Bilokurakynskyi,Luhanska,54,village,38.8313485,49.38317697
UKR4425481002,Dzherelne,Bahachanska,Troitskyi,Luhanska,48,village,38.40150408,49.94844909
UKR4423684404,Novyi,Chervonopraporska,Perevalskyi,Luhanska,234,village,38.59431014,48.49956492
UKR4425185003,Yehorivka,Svitlivska,Starobilskyi,Luhanska,101,village,38.6349332,49.40256627
UKR4420356201,Yelyzavetivka,Malomykolaivska,Antratsytivskyi,Luhanska,100,village,38.9691485,48.35718709
UKR4423856201,Mykolaivka,Vrubivska,Popasnianskyi,Luhanska,403,village,38.33389025,48.77138924
UKR4422256802,Myrne,Uspenska,Lutuhynskyi,Luhanska,5,village,39.08813665,48.36061299
UKR4423881103,Molodizhne,Berezivska,Popasnianskyi,Luhanska,367,village,38.4760514,48.64310818
UKR4423856905,Nyrkove,Komyshuvaska,Popasnianskyi,Luhanska,362,village,38.31181156,48.73921269
UKR4422588804,Horodyshche,Sychanska,Markivskyi,Luhanska,130,village,39.25103053,49.43006893
UKR4424883502,Artema,Nyzhnoteplivska,Stanychno-Luhanskyi,Luhanska,734,village,39.30735443,48.78782161
UKR4424087803,Miasozharivka,Stelmakhivska,Svativskyi,Luhanska,37,village,37.9062625,49.44041472
UKR4424283302,Astakhove,Darino-Yermakivska,Dovzhanskyi,Luhanska,847,village,39.61389996,47.85931015
UKR4425482502,Babycheve,Lantrativska,Troitskyi,Luhanska,721,village,38.22454575,49.94265908
UKR4424010101,Dachne,Svativska,Svativskyi,Luhanska,10,village,38.09466625,49.39255775
UKR4420382202,Leonove,Diakivska,Antratsytivskyi,Luhanska,137,village,39.140824,47.84936877
UKR4424581409,Chervonyi Lyman,Vesnianenska,Slovianoserbskyi,Luhanska,83,village,38.74461336,48.62179744
UKR4424287705,Cheremshyne,Provalska,Dovzhanskyi,Luhanska,182,village,39.85287365,48.16958348
UKR4423186205,Chystopillia,Pobiedivska,Novoaidarskyi,Luhanska,89,village,39.11169402,48.97762594
UKR4425182005,Prokazyne,Lymanska,Starobilskyi,Luhanska,260,village,38.90438763,49.32180794
UKR4424085504,Promin,Petrivska,Svativskyi,Luhanska,20,village,38.33737437,49.34200104
UKR4423188005,Purdivka,Chabanivska,Novoaidarskyi,Luhanska,83,village,38.563149,48.98087564
UKR4420987203,Statyvchyne,Pavlivska,Bilokurakynskyi,Luhanska,156,village,38.81307475,49.59063515
UKR4412345400,Velykokamianka,Klenivska,Rovenkivska,Luhanska,1148,urban type village,39.43515614,48.14031473
UKR4423684407,Stepanivka,Chervonopraporska,Perevalskyi,Luhanska,13,village,38.49464855,48.45129711
UKR4423382502,Stepne,Kamianska,Novopskovskyi,Luhanska,133,village,39.34162375,49.68423405
UKR4423185603,Stepnyi Yar,Novookhtyrska,Novoaidarskyi,Luhanska,149,village,38.85871586,48.97734881
UKR4420688802,Stepove,Novooleksandrivska,Bilovodskyi,Luhanska,340,village,39.38464497,49.12513146
UKR4425481504,Maslivka,Voievodska,Troitskyi,Luhanska,12,village,38.58568125,49.9466073
UKR4424287704,Maiak,Provalska,Dovzhanskyi,Luhanska,196,village,39.77037431,48.12939457
UKR4423181204,Putylyne,Hrechyshkynska,Novoaidarskyi,Luhanska,57,village,38.867907,48.82687037
UKR4421685402,Pshenychne,Novokrasnianska,Kreminskyi,Luhanska,69,village,38.34756671,49.07838634
UKR4425183503,Lozuvatka,Malokhatska,Starobilskyi,Luhanska,145,village,38.70415449,49.09602482
UKR4425186002,Kamianka,Khvorostianivska,Starobilskyi,Luhanska,347,village,38.8008155,49.15012761
UKR4423184502,Kapitanove,Murativska,Novoaidarskyi,Luhanska,225,village,38.7700935,48.83074519
UKR4424286606,Marivka,Novoborovytska,Dovzhanskyi,Luhanska,177,village,39.41318714,47.96727481
UKR4425182502,Marynivka,Nyzhnopokrovska,Starobilskyi,Luhanska,146,village,38.6743355,49.1745459
UKR4422586603,Markivske,Lisnopolianska,Markivskyi,Luhanska,306,village,39.40757193,49.48660145
UKR4424582202,Kruta Hora,Zhovtenska,Slovianoserbskyi,Luhanska,28,village,39.143807,48.66176564
UKR4421681003,Krutenke,Varvarivska,Kreminskyi,Luhanska,7,village,38.41602425,49.17611587
UKR4423355301,Kuban,Bilolutska,Novopskovskyi,Luhanska,120,village,39.03110875,49.64996296
UKR4420684405,Novoderkul,Danylivska,Bilovodskyi,Luhanska,1067,village,39.62264325,49.12737539
UKR4425487504,Zhovtneve,Topolivska,Troitskyi,Luhanska,86,village,38.162742,49.8408893
UKR4422881102,Zhuravske,Velykotska,Milovskyi,Luhanska,296,village,40.07252285,49.25774016
UKR4422284403,Kruhlyk,Orikhivska,Lutuhynskyi,Luhanska,660,village,39.14099493,48.30729872
UKR4421486604,Kruzhylivka,Parkhomenkivska,Sorokynskyi,Luhanska,199,village,39.79406,48.58046301
UKR4422586602,Krupchanske,Lisnopolianska,Markivskyi,Luhanska,202,village,39.4345975,49.57076549
UKR4422588807,Lobasove,Sychanska,Markivskyi,Luhanska,160,village,39.4470525,49.42828152
UKR4420383002,Lozy,Kosharska,Antratsytivskyi,Luhanska,160,village,39.28713961,48.10084417
UKR4420988802,Lozne,Sharivska,Bilokurakynskyi,Luhanska,74,village,38.8275335,49.86682937
UKR4425184806,Lozove,Sadkivska,Starobilskyi,Luhanska,59,village,39.2823633,49.35476876
UKR4425186003,Lozovivka,Khvorostianivska,Starobilskyi,Luhanska,451,village,38.88467825,49.18102237
UKR4425484003,Maslakove,Vivcharivska,Troitskyi,Luhanska,36,village,38.643362,49.84527839
UKR4424086504,Patalakhivka,Raihorodska,Svativskyi,Luhanska,1,village,38.00585,49.40226534
UKR4424585506,Pakhalivka,Khoroshenska,Slovianoserbskyi,Luhanska,92,village,38.79343175,48.6631057
UKR4423388204,Pelahiivka,Taniushivska,Novopskovskyi,Luhanska,63,village,38.95546452,49.79532633
UKR4420684407,Pervomaisk,Danylivska,Bilovodskyi,Luhanska,216,village,39.60593475,49.08336286
UKR4422584405,Pervomaiske,Krasnopilska,Markivskyi,Luhanska,265,village,39.460682,49.69037056
UKR4425483004,Illinka,Novooleksandrivska,Troitskyi,Luhanska,65,village,38.0364055,49.82115233
UKR4425481503,Zaitseve,Voievodska,Troitskyi,Luhanska,235,village,38.440207,49.93113314
UKR4421681903,Pivneve,Kudriashivska,Kreminskyi,Luhanska,74,village,38.43898948,49.15616466
UKR4410346901,Zelenyi Kurhan,Shchotivska,Antratsytska,Luhanska,32,village,39.13719095,48.19121096
UKR4423384702,Ikove,Novopskovska,Novopskovskyi,Luhanska,132,village,39.09039,49.52206417
UKR4421486603,Illivka,Parkhomenkivska,Sorokynskyi,Luhanska,20,village,39.72884589,48.5475099
UKR4420385502,Illinka,Rafailivska,Antratsytivskyi,Luhanska,26,village,39.22156332,48.08993349
UKR4424884504,Plotyna,Vilkhivska,Stanychno-Luhanskyi,Luhanska,764,village,39.48803981,48.79703812
UKR4421655402,Ploshchanka,Krasnorichenska,Kreminskyi,Luhanska,135,village,38.08580185,49.20679572
UKR4422256400,Mariia,Vrubivska,Lutuhynskyi,Luhanska,1317,urban type village,39.14381145,48.42850222
UKR4422282202,Velyka Martynivka,Illiriiska,Lutuhynskyi,Luhanska,142,village,38.99459875,48.41041716
UKR4424010103,Sosnovyi,Svativska,Svativskyi,Luhanska,407,village,38.120659,49.45364111
UKR4421610103,Stara Krasnianka,Kreminska,Kreminskyi,Luhanska,882,village,38.288466,49.03656907
UKR4421687302,Holykove,Chervonopopivska,Kreminskyi,Luhanska,92,village,38.16509124,49.16708329
UKR4423656401,Karpaty,Mykhailivska,Perevalskyi,Luhanska,739,village,38.85864562,48.50804277
UKR4422281305,Kliuchove,Volnukhynska,Lutuhynskyi,Luhanska,123,village,39.24716995,48.3794652
UKR4420355603,Kovylne,Ivanivska,Antratsytivskyi,Luhanska,66,village,38.92440159,48.27791593
UKR4420387703,Kovpakove,Chervonopolianska,Antratsytivskyi,Luhanska,1036,village,39.11132753,48.19716144
UKR4420383303,Kozakivka,Krasnolutska,Antratsytivskyi,Luhanska,137,village,39.02436313,48.21976679
UKR4425485004,Holovkove,Pryvilska,Troitskyi,Luhanska,25,village,38.487927,49.82812965
UKR4424581107,Pryvitne,Veselohirska,Slovianoserbskyi,Luhanska,381,village,39.30949591,48.66532265
UKR4421488803,Prydorozhne,Samsonivska,Sorokynskyi,Luhanska,280,village,39.59177223,48.39101302
UKR4421682602,Prystyne,Mykhailivska,Kreminskyi,Luhanska,7,village,38.5676235,49.14069951
UKR4420981007,Prykhodkivka,Bilokurakynska,Bilokurakynskyi,Luhanska,16,village,38.9149995,49.62668245
UKR4424555105,Pryshyb,Slovianoserbska,Slovianoserbskyi,Luhanska,443,village,38.933504,48.73491369
UKR4420355901,Industriia,Krasnokutska,Antratsytivskyi,Luhanska,841,village,38.71410308,48.21878656
UKR4424887002,Kozachyi,Shyrokivska,Stanychno-Luhanskyi,Luhanska,462,village,39.57569462,48.88821353
UKR4422255502,Komyshuvakha,Bilorichenska,Lutuhynskyi,Luhanska,11,village,39.0270125,48.45106067
UKR4422255503,Kamianyi Plast,Bilorichenska,Lutuhynskyi,Luhanska,662,village,39.0575285,48.44375523
UKR4421610101,Zhytlivka,Kreminska,Kreminskyi,Luhanska,898,village,38.19377047,49.09660401
UKR4424085502,Zakhidnyi,Petrivska,Svativskyi,Luhanska,45,village,38.394724,49.46067704
UKR4420383305,Orlivske,Krasnolutska,Antratsytivskyi,Luhanska,278,village,39.02541628,48.22929824
UKR4423857503,Pidlisne,Myrnodolynska,Popasnianskyi,Luhanska,491,village,38.44301158,48.80557232
UKR4420686602,Harmashivka,Kononivska,Bilovodskyi,Luhanska,306,village,39.622064,49.35085892
UKR4423856904,Druzhba,Komyshuvaska,Popasnianskyi,Luhanska,233,village,38.33774207,48.6281068
UKR4423388203,Kostiantynivka,Taniushivska,Novopskovskyi,Luhanska,56,village,38.96207267,49.7419115
UKR4425488005,Kochenove,Yamenska,Troitskyi,Luhanska,266,village,38.37609575,49.79587891
UKR4424885504,Nyzhnii Minchenok,Teplivska,Stanychno-Luhanskyi,Luhanska,310,village,39.46502525,48.84324307
UKR4423188003,Nyzhnii Sukhodil,Chabanivska,Novoaidarskyi,Luhanska,41,village,38.735649,49.00748827
UKR4421482206,Malokalynove,Verkhnoshevyrivska,Sorokynskyi,Luhanska,8,village,39.68575256,48.23950073
UKR4423383202,Zelenyi Hai,Mozhniakivska,Novopskovskyi,Luhanska,204,village,39.23706225,49.67550707
UKR4423656701,Seleznivske,Seleznivska,Perevalskyi,Luhanska,4,village,38.77323923,48.34833761
UKR4420384405,Soniachne,Mykytivska,Antratsytivskyi,Luhanska,13,village,38.92929875,48.33457165
UKR4421489307,Komisarivka,Khriashchuvatenska,Sorokynskyi,Luhanska,229,village,39.50363861,48.47013758
UKR4424084502,Nauholne,Oborotnivska,Svativskyi,Luhanska,324,village,38.07276252,49.55657377
UKR4424081503,Nezhuryne,Kovalivska,Svativskyi,Luhanska,64,village,38.05432725,49.38080405
UKR4425182003,Butkivka,Lymanska,Starobilskyi,Luhanska,262,village,38.924376,49.379781
UKR4421489303,Valiivka,Khriashchuvatenska,Sorokynskyi,Luhanska,65,village,39.49178631,48.51812819
UKR4425183502,Valuiky,Malokhatska,Starobilskyi,Luhanska,14,village,38.80723436,49.09010201
UKR4422583302,Vesele,Kabychivska,Markivskyi,Luhanska,395,village,39.8283185,49.51079682
UKR4424885002,Heivka,Peredilska,Stanychno-Luhanskyi,Luhanska,162,village,39.11894083,48.77104878
UKR4423856903,Hlynokarier,Komyshuvaska,Popasnianskyi,Luhanska,9,village,38.307787,48.66871344
UKR4423656103,Depreradivka,Komisarivska,Perevalskyi,Luhanska,20,village,38.49490036,48.36448952
UKR4410160301,Zrazkove,Oleksandrivska,Luhanska,Luhanska,1820,village,39.2236338,48.5590445
UKR4424255302,Dovzhanske,Biriukivska,Dovzhanskyi,Luhanska,647,village,39.75310069,47.85613714
UKR4423682202,Chornohorivka,Maloivanivska,Perevalskyi,Luhanska,31,village,38.68451463,48.38260408
UKR4422555101,Derkulove,Markivska,Markivskyi,Luhanska,79,village,39.59382575,49.46302863
UKR4423684403,Nadarivka,Chervonopraporska,Perevalskyi,Luhanska,4,village,38.45355402,48.45454481
UKR4424086502,Nadiia,Raihorodska,Svativskyi,Luhanska,25,village,37.92669402,49.37142677
UKR4424285504,Nahirne,Medvezhanska,Dovzhanskyi,Luhanska,254,village,39.4640035,48.18375518
UKR4423188002,Havrylivka,Chabanivska,Novoaidarskyi,Luhanska,100,village,38.67657625,49.00709657
UKR4422281102,Haiove,Veselotarasivska,Lutuhynskyi,Luhanska,298,village,39.134437,48.54094835
UKR4420384403,Hannivka,Mykytivska,Antratsytivskyi,Luhanska,10,village,38.87900879,48.37719519
UKR4421687303,Pishchane,Chervonopopivska,Kreminskyi,Luhanska,307,village,38.17659424,49.12099592
UKR4424883503,Pishchane,Nyzhnoteplivska,Stanychno-Luhanskyi,Luhanska,20,village,39.35944119,48.75661137
UKR4425180203,Pishchane,Chmyrivska,Starobilskyi,Luhanska,1896,village,38.93715787,49.27413645
UKR4412391004,Platonivka,Blahivska,Rovenkivska,Luhanska,411,village,39.3350735,47.94779226
UKR4424082506,Pidkuichansk,Kuzemivska,Svativskyi,Luhanska,40,village,38.013263,49.47535343
UKR4424884004,Sukhodil,Mykolaivska,Stanychno-Luhanskyi,Luhanska,402,village,39.566136,48.58041102
UKR4422855101,Bondarivka,Milovska,Milovskyi,Luhanska,77,village,40.04115746,49.40673529
UKR4422588802,Bondarne,Sychanska,Markivskyi,Luhanska,196,village,39.3760335,49.4317302
UKR4424082505,Novoselivske,Kuzemivska,Svativskyi,Luhanska,736,village,37.9533891,49.52133771
UKR4421482205,Nyzhnia Shevyrivka,Verkhnoshevyrivska,Sorokynskyi,Luhanska,824,village,39.6786465,48.26797197
UKR4421482203,Verkhnoderevechka,Verkhnoshevyrivska,Sorokynskyi,Luhanska,49,village,39.72501075,48.19901842
UKR4423855301,Verkhnokamianka,Bilohorivska,Popasnianskyi,Luhanska,205,village,38.264303,48.85511223
UKR4424286602,Verkhnotuzlove,Novoborovytska,Dovzhanskyi,Luhanska,100,village,39.510853,47.88373512
UKR4424082502,Volodymyrivka,Kuzemivska,Svativskyi,Luhanska,188,village,37.977971,49.59019492
UKR4421480802,Habun,Biloskeliuvatska,Sorokynskyi,Luhanska,53,village,39.687006,48.44910929
UKR4422255501,Zbirne,Bilorichenska,Lutuhynskyi,Luhanska,196,village,39.0956755,48.48790711
UKR4424284403,Ivashchenko,Matviivska,Dovzhanskyi,Luhanska,198,village,39.54219825,47.97207458
UKR4422584403,Heraskivske,Krasnopilska,Markivskyi,Luhanska,228,village,39.527654,49.64507648
UKR4422285503,Hlafirivka,Pershozvanivska,Lutuhynskyi,Luhanska,190,village,39.30165237,48.39092796
UKR4421456501,Hlyboke,Simeikynska,Sorokynskyi,Luhanska,50,village,39.4675865,48.31293816
UKR4425483003,Hlotivka,Novooleksandrivska,Troitskyi,Luhanska,11,village,38.07983225,49.79114333
UKR4424555901,Hovorukha,Rodakivska,Slovianoserbskyi,Luhanska,207,village,39.09342547,48.57420901
UKR4411045701,Krynychne,Chervonohvardiiska,Kirovska,Luhanska,319,village,38.71546966,48.60203187
UKR4420955700,Lozno-Oleksandrivka,Lozno-Oleksandrivska,Bilokurakynskyi,Luhanska,970,urban type village,38.73542034,49.84138428
UKR4410345300,Bokovo-Platove,Bokovo-Platovska,Antratsytska,Luhanska,2660,urban type village,39.0120231,48.12128855
UKR4411646400,Sadovo-Khrustalnenskyi,Vakhrushivska,Krasnolutska,Luhanska,707,urban type village,38.72585931,48.15229339
UKR4411446800,Sievero-Hundorivskyi,Sieverna,Krasnodonska,Luhanska,1108,urban type village,39.88586832,48.37302388
UKR4423857504,Rai-Oleksandrivka,Myrnodolynska,Popasnianskyi,Luhanska,76,village,38.41245,48.79044233
UKR4423155101,Aidar-Mykolaivka,Novoaidarska,Novoaidarskyi,Luhanska,1067,village,38.97226786,48.9655816
UKR4421483001,Davydo-Mykilske,Davydo-Mykilska,Sorokynskyi,Luhanska,871,village,39.834057,48.50341219
UKR4424283301,Darino-Yermakivka,Darino-Yermakivska,Dovzhanskyi,Luhanska,674,village,39.60773975,47.8907948
UKR4422281311,Petro-Mykolaivka,Volnukhynska,Lutuhynskyi,Luhanska,157,village,39.32541101,48.35851163
UKR4412346700,Naholno-Tarasivka,Naholno-Tarasivska,Rovenkivska,Luhanska,2105,urban type village,39.48814886,48.00223755
UKR4422588805,Karavan-Solodkyi,Sychanska,Markivskyi,Luhanska,565,village,39.31267351,49.42145485
UKR4424283303,Karpove-Kripenske,Darino-Yermakivska,Dovzhanskyi,Luhanska,980,village,39.592334,47.94963236
UKR4423856501,Kalynove-Borshchuvate,Kalynivska,Popasnianskyi,Luhanska,218,village,38.49166575,48.61997599
UKR4411447100,Uralo-Kavkaz,Uralo-Kavkazka,Krasnodonska,Luhanska,2555,urban type village,39.80349926,48.31494893
UKR4424884002,Burchak-Mykhailivka,Mykolaivska,Stanychno-Luhanskyi,Luhanska,220,village,39.51288433,48.56726011
UKR4420988204,Kochyne-Rozpasiivka,Chervonoarmiiska,Bilokurakynskyi,Luhanska,77,village,38.5940365,49.77157452
UKR4421489304,Vydno-Sofiivka,Khriashchuvatenska,Sorokynskyi,Luhanska,62,village,39.51066275,48.4505728
UKR4420987705,Plakho-Petrivka,Prostorivska,Bilokurakynskyi,Luhanska,299,village,38.4997374,49.61753679
UKR4425482001,Demyno-Oleksandrivka,Demyno-oleksandrivska,Troitskyi,Luhanska,793,village,38.2479405,50.0473973
UKR4412347103,Zaliznychne,Proletarska,Rovenkivska,Luhanska,438,village,39.20701363,48.13720894
UKR4412347701,Lobivski Kopalni,Yasenivska,Rovenkivska,Luhanska,183,village,39.20940438,48.14588008
UKR4411647301,Khrustalnyi,Khrustalnivska,Krasnolutska,Luhanska,317,village,38.88593865,48.17455007
UKR4420987703,Mankivka,Prostorivska,Bilokurakynskyi,Luhanska,151,village,38.40259602,49.59179066
UKR4422255801,Novopavlivka,Vrubivska,Lutuhynskyi,Luhanska,310,village,39.07253096,48.40700116
UKR4423655503,Troitske,Buhaivska,Perevalskyi,Luhanska,29,village,38.92752544,48.44982593
UKR4421681303,Skarhivka,Holubivska,Kreminskyi,Luhanska,191,village,38.49627998,49.20262181
UKR4424882502,Kolesnykivka,Komyshnenska,Stanychno-Luhanskyi,Luhanska,155,village,39.6872981,48.67952546
UKR4424287706,Kalynnyk,Provalska,Dovzhanskyi,Luhanska,0,village,39.79350198,48.12827936
UKR4425480503,Koshelivka,Arapivska,Troitskyi,Luhanska,34,village,38.02669974,49.73862584
UKR4411445300,Hirne,Enhelsivska,Krasnodonska,Luhanska,52,urban type village,39.59774642,48.27703262
UKR4423810500,Hirske,Hirska,Popasnianskyi,Luhanska,10131,city,38.5010307,48.74943191
UKR4423810800,Zolote,Zolotivska,Popasnianskyi,Luhanska,14572,city,38.5125692,48.69421103
UKR4411870700,Pryvillia,Pryvilska,Lysychanska,Luhanska,7747,city,38.29274094,49.00094623
UKR4423881502,Orikhove,Hirska,Popasnianskyi,Luhanska,621,village,38.56953647,48.71722131
UKR4423881102,Katerynivka,Zolotivska,Popasnianskyi,Luhanska,484,village,38.47351037,48.66359477
UKR4423858500,Chornukhyne,Chornukhynska,Popasnianskyi,Luhanska,5958,urban type village,38.51254802,48.32623036
UKR4423858501,Kruhlyk,Chornukhynska,Popasnianskyi,Luhanska,52,village,38.50615862,48.34193374
UKR4423684401,Stare,Chervonopraporska,Perevalskyi,Luhanska,1119,village,38.55532792,48.44009805
UKR4423657300,Tsentralnyi,Tsentralna,Perevalskyi,Luhanska,1032,urban type village,38.57551579,48.34724221
UKR4423656100,Komisarivka,Komisarivska,Perevalskyi,Luhanska,1735,urban type village,38.52168267,48.38873346
UKR4410546500,Yuzhna Lomuvatka,Yuzhno-Lomuvatska,Briankivska,Luhanska,3395,urban type village,38.53146211,48.43594483
UKR4410546200,Lomuvatka,Yuzhno-Lomuvatska,Briankivska,Luhanska,933,urban type village,38.5593633,48.45258245
UKR4410545300,Verhulivka,Yuzhno-Lomuvatska,Briankivska,Luhanska,1312,urban type village,38.53366535,48.39996085
UKR4423656102,Verhulivka,Komisarivska,Perevalskyi,Luhanska,401,village,38.49118603,48.39550205
UKR4423657301,Sofiivka,Tsentralna,Perevalskyi,Luhanska,107,village,38.5657776,48.36985156
UKR4423684405,Olenivka,Chervonopraporska,Perevalskyi,Luhanska,264,village,38.57071763,48.40837845
